Date,SKU,Actual,Predicted
2025-08-13,SKU001,15,12.85502077617595
2025-08-14,SKU001,8,12.982194724498276
2025-08-15,SKU001,19,13.719565099949444
2025-08-16,SKU001,8,13.098829576777849
2025-08-17,SKU001,14,12.543090793073038
2025-08-18,SKU001,5,12.049762652536138
2025-08-19,SKU001,8,11.585739819294561
2025-08-20,SKU001,14,11.304103581913818
2025-08-21,SKU001,20,11.689751400159121
2025-08-22,SKU001,18,11.601728325378561
2025-08-23,SKU001,13,13.500677602889743
2025-08-24,SKU001,13,13.08736405353982
2025-08-25,SKU001,15,11.329816364886458
2025-08-26,SKU001,8,11.545366288326896
2025-08-27,SKU001,17,11.271807679373644
2025-08-28,SKU001,13,11.118495525034902
2025-08-29,SKU001,16,11.673169521084025
2025-08-30,SKU001,14,13.551488307362085
2025-08-31,SKU001,14,13.421493827695109
2025-09-01,SKU001,10,11.549892231359724
2025-09-02,SKU001,12,11.538222090917714
2025-09-03,SKU001,7,11.578568704764045
2025-09-04,SKU001,12,11.506351552574998
2025-09-05,SKU001,5,11.515529832736764
2025-09-06,SKU001,17,15.718575585748544
2025-09-07,SKU001,25,15.192763875918656
2025-09-08,SKU001,14,11.476478740478536
2025-09-09,SKU001,11,11.942534026745617
2025-09-10,SKU001,10,12.096430039233276
2025-09-11,SKU001,12,11.904450956930562
2025-09-12,SKU001,13,12.205124073407573
2025-09-13,SKU001,18,18.51226887877757
2025-09-14,SKU001,15,17.824893827513502
2025-09-15,SKU001,10,11.963978411718823
2025-09-16,SKU001,12,11.771211503079389
2025-09-17,SKU001,15,11.814889888911626
2025-09-18,SKU001,11,12.404906703999595
2025-09-19,SKU001,14,11.777498428512663
2025-09-20,SKU001,15,17.898131504570575
2025-09-21,SKU001,11,17.75087460285691
2025-09-22,SKU001,7,11.476478740478536
2025-09-23,SKU001,14,11.214541929202126
2025-09-24,SKU001,13,11.504637818533213
2025-09-25,SKU001,14,11.506686597431957
2025-09-26,SKU001,6,11.698862842677551
2025-09-27,SKU001,12,15.04041487709065
2025-09-28,SKU001,20,14.89697035379946
2025-09-29,SKU001,5,11.212008645827357
2025-09-30,SKU001,15,11.155862065605088
2025-10-01,SKU001,16,11.364909022144234
2025-10-02,SKU001,9,11.689408874926652
2025-10-03,SKU001,10,11.683928369346027
2025-10-04,SKU001,14,13.610066679673535
2025-10-05,SKU001,14,13.287891992755725
2025-10-06,SKU001,8,10.718553224308312
2025-10-07,SKU001,18,11.273421737122458
2025-10-08,SKU001,9,11.160935414796386
2025-10-09,SKU001,11,11.402037740621127
2025-10-10,SKU001,14,11.659693381853623
2025-10-11,SKU001,13,14.3971024745134
2025-10-12,SKU001,9,14.353350549648125
2025-10-13,SKU001,5,11.263598424245055
2025-10-14,SKU001,15,11.734346481379234
2025-10-15,SKU001,11,11.645175878315548
2025-10-16,SKU001,7,11.64816361177957
2025-10-17,SKU001,10,11.769005486365835
2025-10-18,SKU001,17,11.599723228240023
2025-10-19,SKU001,17,10.803306493620152
2025-10-20,SKU001,11,11.241440583338221
2025-10-21,SKU001,10,11.370850172994334
2025-10-22,SKU001,9,11.358531369256868
2025-10-23,SKU001,7,11.486257445046625
2025-10-24,SKU001,6,10.837432786976306
2025-10-25,SKU001,17,12.36497959837414
2025-10-26,SKU001,18,12.466272864515084
2025-10-27,SKU001,10,10.418298298094946
2025-10-28,SKU001,15,11.16355722365739
2025-10-29,SKU001,9,11.203505657403944
2025-10-30,SKU001,13,10.744969898807847
2025-10-31,SKU001,10,10.192353473672185
2025-11-01,SKU001,13,15.713982568756915
2025-11-02,SKU001,23,17.277077521695173
2025-11-03,SKU001,13,11.180233726335052
2025-11-04,SKU001,10,11.44365244459321
2025-11-05,SKU001,7,10.703354288782222
2025-11-06,SKU001,6,11.442070030645247
2025-11-07,SKU001,17,10.287367593408897
2025-11-08,SKU001,21,16.4462314982904
2025-11-09,SKU001,18,17.687697426795804
2025-11-10,SKU001,10,11.205187146144088
2025-11-11,SKU001,6,11.040200148717965
2025-11-12,SKU001,12,11.207231783865744
2025-11-13,SKU001,16,10.999289426518311
2025-11-14,SKU001,9,11.240103800798543
2025-11-15,SKU001,15,17.1105804356416
2025-11-16,SKU001,19,17.418320749537507
2025-11-17,SKU001,6,10.96847826176674
2025-11-18,SKU001,13,11.078533419522532
2025-11-19,SKU001,10,11.216620110787733
2025-11-20,SKU001,12,11.296265460507435
2025-11-21,SKU001,8,11.485541055839226
2025-11-22,SKU001,15,17.48996619022747
2025-11-23,SKU001,20,17.51536106973077
2025-11-24,SKU001,14,10.761142360300775
2025-11-25,SKU001,12,11.497685781142481
2025-11-26,SKU001,6,11.487563471103531
2025-11-27,SKU001,10,11.353240606934687
2025-11-28,SKU001,10,11.409415066831793
2025-11-29,SKU001,16,17.65426824576424
2025-11-30,SKU001,16,17.799071706897408
2025-12-01,SKU001,11,11.045301266842126
2025-12-02,SKU001,9,11.476498238704556
2025-12-03,SKU001,8,11.307604275127558
2025-12-04,SKU001,7,11.770162360779945
2025-12-05,SKU001,15,11.940230626484917
2025-12-06,SKU001,14,13.759631526701888
2025-12-07,SKU001,24,13.445314680741223
2025-12-08,SKU001,12,11.063213722067282
2025-12-09,SKU001,9,10.840696874322232
2025-12-10,SKU001,14,10.980113393587994
2025-12-11,SKU001,13,11.24808206669898
2025-12-12,SKU001,17,11.118208978759013
2025-12-13,SKU001,10,14.493375036563924
2025-12-14,SKU001,14,14.722319966643738
2025-12-15,SKU001,16,10.985041144128125
2025-12-16,SKU001,12,11.267919373716737
2025-12-17,SKU001,12,11.48348050786803
2025-12-18,SKU001,15,11.747565184815723
2025-12-19,SKU001,8,11.557588334380098
2025-12-20,SKU001,13,14.599173814072378
2025-12-21,SKU001,15,14.061378542226642
2025-12-22,SKU001,7,11.17366080425823
2025-12-23,SKU001,19,11.350908342558123
2025-12-24,SKU001,10,11.239516655620713
2025-12-25,SKU001,10,11.651673607394878
2025-12-26,SKU001,13,11.779280094373286
2025-12-27,SKU001,8,14.204645050331264
2025-12-28,SKU001,9,13.821641908218728
2025-12-29,SKU001,12,10.943255579131149
2025-12-30,SKU001,14,11.557730768157978
2025-12-31,SKU001,11,11.53379577055549
2025-08-13,SKU002,14,8.83134326522915
2025-08-14,SKU002,7,9.131968516247648
2025-08-15,SKU002,12,9.584018452790724
2025-08-16,SKU002,9,11.73697935856935
2025-08-17,SKU002,15,12.411442533142957
2025-08-18,SKU002,5,8.72899802897152
2025-08-19,SKU002,11,8.902062442739528
2025-08-20,SKU002,11,8.412063118763468
2025-08-21,SKU002,8,9.230271262220628
2025-08-22,SKU002,12,8.986709376197558
2025-08-23,SKU002,13,11.335497853322147
2025-08-24,SKU002,10,10.444448076996956
2025-08-25,SKU002,13,8.61496362201092
2025-08-26,SKU002,9,9.018481037104765
2025-08-27,SKU002,9,8.824623011449106
2025-08-28,SKU002,11,9.132098364230224
2025-08-29,SKU002,15,8.985547337599572
2025-08-30,SKU002,10,11.128084231621829
2025-08-31,SKU002,12,11.208372282245968
2025-09-01,SKU002,5,8.952477678229648
2025-09-02,SKU002,7,8.70264629331707
2025-09-03,SKU002,5,8.573323581668678
2025-09-04,SKU002,9,9.19687454636747
2025-09-05,SKU002,10,8.056468223079811
2025-09-06,SKU002,12,12.115390181887529
2025-09-07,SKU002,14,11.92584987799814
2025-09-08,SKU002,4,8.682589580385308
2025-09-09,SKU002,6,8.781483056325644
2025-09-10,SKU002,10,8.82791721480464
2025-09-11,SKU002,9,8.86402816808335
2025-09-12,SKU002,8,9.348966390568517
2025-09-13,SKU002,17,12.486796678904883
2025-09-14,SKU002,11,11.734298053416271
2025-09-15,SKU002,15,8.837917255229051
2025-09-16,SKU002,13,9.52577666289453
2025-09-17,SKU002,8,9.063897000683403
2025-09-18,SKU002,11,9.114422762250394
2025-09-19,SKU002,8,9.38750218291781
2025-09-20,SKU002,14,13.651019937484678
2025-09-21,SKU002,10,13.018693219279491
2025-09-22,SKU002,5,7.9341200160889045
2025-09-23,SKU002,9,8.717792912984324
2025-09-24,SKU002,8,9.206894732336355
2025-09-25,SKU002,6,9.182044682537523
2025-09-26,SKU002,5,9.28498353789804
2025-09-27,SKU002,13,11.449931496982051
2025-09-28,SKU002,14,11.865927427292075
2025-09-29,SKU002,8,7.543492856095169
2025-09-30,SKU002,7,8.507860415509347
2025-10-01,SKU002,11,9.117663029407383
2025-10-02,SKU002,8,9.364459494572165
2025-10-03,SKU002,7,9.085070015498074
2025-10-04,SKU002,12,10.588361148928112
2025-10-05,SKU002,10,11.021836371386325
2025-10-06,SKU002,5,7.922674416662855
2025-10-07,SKU002,8,8.755643939765452
2025-10-08,SKU002,7,8.644714855173932
2025-10-09,SKU002,4,8.754933583193344
2025-10-10,SKU002,12,8.117338730883313
2025-10-11,SKU002,9,9.600793847392106
2025-10-12,SKU002,11,10.655155710494324
2025-10-13,SKU002,8,7.712138359475512
2025-10-14,SKU002,4,8.019683852557417
2025-10-15,SKU002,12,8.025321737973991
2025-10-16,SKU002,7,8.1081032572337
2025-10-17,SKU002,7,8.106720863666224
2025-10-18,SKU002,10,9.426033760401802
2025-10-19,SKU002,11,9.421489885777389
2025-10-20,SKU002,10,7.4384038405853286
2025-10-21,SKU002,5,8.382538109382395
2025-10-22,SKU002,9,8.386560364763291
2025-10-23,SKU002,6,7.882575782483764
2025-10-24,SKU002,4,7.886848469096544
2025-10-25,SKU002,6,9.486876899187706
2025-10-26,SKU002,11,9.948970809155044
2025-10-27,SKU002,6,8.12589122733402
2025-10-28,SKU002,6,8.260502284937472
2025-10-29,SKU002,13,8.246768285580732
2025-10-30,SKU002,11,8.120142199975087
2025-10-31,SKU002,7,8.606464890589647
2025-11-01,SKU002,13,11.686535883788478
2025-11-02,SKU002,14,11.119449221964178
2025-11-03,SKU002,12,7.167780143151353
2025-11-04,SKU002,5,8.270622960662147
2025-11-05,SKU002,7,8.52147222479893
2025-11-06,SKU002,11,7.9947234181310725
2025-11-07,SKU002,8,7.82523068376939
2025-11-08,SKU002,15,9.57053634241816
2025-11-09,SKU002,14,9.631392647877405
2025-11-10,SKU002,11,8.043567938116777
2025-11-11,SKU002,3,8.571709584007813
2025-11-12,SKU002,9,7.844123253040659
2025-11-13,SKU002,11,7.786649755671301
2025-11-14,SKU002,6,7.8552366703128245
2025-11-15,SKU002,11,9.645885120085124
2025-11-16,SKU002,9,9.06535546029702
2025-11-17,SKU002,8,7.850840089464916
2025-11-18,SKU002,11,8.429809437174935
2025-11-19,SKU002,10,7.820952613027561
2025-11-20,SKU002,8,7.887550718493648
2025-11-21,SKU002,4,7.7062156417669065
2025-11-22,SKU002,12,11.043343715016626
2025-11-23,SKU002,11,11.745747445725115
2025-11-24,SKU002,10,7.734048826058186
2025-11-25,SKU002,12,9.132105615881569
2025-11-26,SKU002,5,9.542309615998148
2025-11-27,SKU002,11,9.341060925837473
2025-11-28,SKU002,7,9.683322026561289
2025-11-29,SKU002,14,12.60763878301881
2025-11-30,SKU002,7,12.126705094996307
2025-12-01,SKU002,10,7.7588422814285085
2025-12-02,SKU002,6,8.20661994292768
2025-12-03,SKU002,8,8.545688927796341
2025-12-04,SKU002,5,7.864380195781938
2025-12-05,SKU002,8,8.03611832954974
2025-12-06,SKU002,8,10.2409938109775
2025-12-07,SKU002,6,10.634069568742163
2025-12-08,SKU002,9,7.969057044089345
2025-12-09,SKU002,6,8.266388633640087
2025-12-10,SKU002,3,7.865877307118791
2025-12-11,SKU002,9,8.941144332349774
2025-12-12,SKU002,11,8.62884637262614
2025-12-13,SKU002,8,10.14928492873699
2025-12-14,SKU002,9,10.802316765724338
2025-12-15,SKU002,9,8.07509912566528
2025-12-16,SKU002,7,8.586474385735633
2025-12-17,SKU002,6,9.73363566922876
2025-12-18,SKU002,9,9.32531644845559
2025-12-19,SKU002,8,9.383022878142198
2025-12-20,SKU002,4,10.17574358023503
2025-12-21,SKU002,12,11.936311304301814
2025-12-22,SKU002,5,9.505720390307904
2025-12-23,SKU002,4,9.34993040622696
2025-12-24,SKU002,10,8.7058702920718
2025-12-25,SKU002,7,9.771350448945439
2025-12-26,SKU002,6,9.21331040589058
2025-12-27,SKU002,9,10.148198793817581
2025-12-28,SKU002,10,10.450966869729864
2025-12-29,SKU002,9,9.493406358195214
2025-12-30,SKU002,10,10.023456389387327
2025-12-31,SKU002,8,10.022372087643582
2025-08-13,SKU003,7,4.55314838315156
2025-08-14,SKU003,3,4.946483390532254
2025-08-15,SKU003,4,5.48709798159175
2025-08-16,SKU003,9,4.482419930910719
2025-08-17,SKU003,7,5.427787489825823
2025-08-18,SKU003,6,4.715275766021821
2025-08-19,SKU003,6,4.973112091972737
2025-08-20,SKU003,7,4.495089511724531
2025-08-21,SKU003,1,4.811315678248294
2025-08-22,SKU003,5,5.046921614461722
2025-08-23,SKU003,4,4.802505837004393
2025-08-24,SKU003,5,4.689533656885272
2025-08-25,SKU003,3,4.723114716166289
2025-08-26,SKU003,4,4.8061789625834095
2025-08-27,SKU003,2,4.649844643688642
2025-08-28,SKU003,7,5.415756524803061
2025-08-29,SKU003,6,4.9640449819035375
2025-08-30,SKU003,4,5.109640882780863
2025-08-31,SKU003,1,5.115577986993859
2025-09-01,SKU003,6,4.878383361319475
2025-09-02,SKU003,9,4.575170812796586
2025-09-03,SKU003,1,4.564159200314688
2025-09-04,SKU003,2,4.274013160164165
2025-09-05,SKU003,3,4.818034402338591
2025-09-06,SKU003,6,6.586015205124337
2025-09-07,SKU003,7,6.124893238227719
2025-09-08,SKU003,3,4.457603473284293
2025-09-09,SKU003,9,4.384609349643011
2025-09-10,SKU003,0,4.690606180797551
2025-09-11,SKU003,6,4.0730773765128605
2025-09-12,SKU003,8,4.389834127869122
2025-09-13,SKU003,10,5.9755348140076014
2025-09-14,SKU003,6,6.2658869180995005
2025-09-15,SKU003,7,4.743853214122683
2025-09-16,SKU003,6,4.416462606443453
2025-09-17,SKU003,1,6.794429509944417
2025-09-18,SKU003,7,4.721552540416568
2025-09-19,SKU003,4,4.42901725874573
2025-09-20,SKU003,5,5.991656623414099
2025-09-21,SKU003,9,6.509050133423684
2025-09-22,SKU003,4,4.354651491156865
2025-09-23,SKU003,5,4.663151254502867
2025-09-24,SKU003,6,4.6611659647671
2025-09-25,SKU003,7,4.5341837814410555
2025-09-26,SKU003,6,4.932307397122105
2025-09-27,SKU003,9,5.169868471809768
2025-09-28,SKU003,5,8.437488562491392
2025-09-29,SKU003,8,4.679404538119764
2025-09-30,SKU003,7,5.128847776953462
2025-10-01,SKU003,6,4.766961404299264
2025-10-02,SKU003,3,5.457439640584587
2025-10-03,SKU003,7,5.694583657005304
2025-10-04,SKU003,4,6.503958784654716
2025-10-05,SKU003,8,6.167563648562712
2025-10-06,SKU003,7,5.492693210035542
2025-10-07,SKU003,3,5.439286987858386
2025-10-08,SKU003,3,5.4839029133163315
2025-10-09,SKU003,5,5.450837743429953
2025-10-10,SKU003,6,5.730359339230708
2025-10-11,SKU003,6,6.23318430571795
2025-10-12,SKU003,3,5.749334148135448
2025-10-13,SKU003,4,4.893669961526691
2025-10-14,SKU003,4,4.9211966789405235
2025-10-15,SKU003,4,4.679193672940658
2025-10-16,SKU003,6,4.90456390131722
2025-10-17,SKU003,4,5.017679876972207
2025-10-18,SKU003,2,5.146537291328161
2025-10-19,SKU003,2,5.011521963681499
2025-10-20,SKU003,5,5.298168566874611
2025-10-21,SKU003,8,4.553521062415197
2025-10-22,SKU003,3,4.728970425910302
2025-10-23,SKU003,5,4.706923860849825
2025-10-24,SKU003,4,4.910410658642451
2025-10-25,SKU003,6,4.811832262363312
2025-10-26,SKU003,3,4.751801192443752
2025-10-27,SKU003,9,4.55483650486953
2025-10-28,SKU003,5,4.287873101800616
2025-10-29,SKU003,4,4.419554765718005
2025-10-30,SKU003,1,4.50185421462171
2025-10-31,SKU003,4,4.413273940516747
2025-11-01,SKU003,8,8.199685982492452
2025-11-02,SKU003,10,7.811852639944284
2025-11-03,SKU003,4,4.332806166735404
2025-11-04,SKU003,6,4.286443062351256
2025-11-05,SKU003,2,4.542576786349596
2025-11-06,SKU003,8,4.58532953160501
2025-11-07,SKU003,9,5.016096142106611
2025-11-08,SKU003,7,9.551372416474807
2025-11-09,SKU003,3,7.905707335408483
2025-11-10,SKU003,4,4.527740255614813
2025-11-11,SKU003,3,4.5692943866739535
2025-11-12,SKU003,4,4.487458064733194
2025-11-13,SKU003,4,4.307179888271195
2025-11-14,SKU003,9,4.442808319183528
2025-11-15,SKU003,3,7.24662424568775
2025-11-16,SKU003,10,5.8148442703788366
2025-11-17,SKU003,5,4.791427965429322
2025-11-18,SKU003,6,4.7787691848025515
2025-11-19,SKU003,5,4.872793823416906
2025-11-20,SKU003,5,4.857495620234179
2025-11-21,SKU003,2,4.936103036518447
2025-11-22,SKU003,11,6.528610425274764
2025-11-23,SKU003,7,5.3271106978991485
2025-11-24,SKU003,6,5.30007515014521
2025-11-25,SKU003,4,4.779174171315715
2025-11-26,SKU003,4,4.868150263123892
2025-11-27,SKU003,1,5.017260925250327
2025-11-28,SKU003,1,5.307280044386619
2025-11-29,SKU003,6,5.46262110253422
2025-11-30,SKU003,7,6.386707638843086
2025-12-01,SKU003,5,4.590608256301787
2025-12-02,SKU003,9,4.663928665054587
2025-12-03,SKU003,4,4.72598955335454
2025-12-04,SKU003,5,5.73699760888158
2025-12-05,SKU003,4,6.864179048750625
2025-12-06,SKU003,5,6.172467438784045
2025-12-07,SKU003,6,5.23630063557411
2025-12-08,SKU003,1,4.602546984564053
2025-12-09,SKU003,9,4.551522997088347
2025-12-10,SKU003,1,4.845651824584587
2025-12-11,SKU003,5,4.752570877336149
2025-12-12,SKU003,2,4.709740920536256
2025-12-13,SKU003,6,5.000449728295304
2025-12-14,SKU003,9,5.016977458884692
2025-12-15,SKU003,4,5.052944895019557
2025-12-16,SKU003,2,4.408991558171463
2025-12-17,SKU003,5,4.8911978448780005
2025-12-18,SKU003,1,4.825732076592489
2025-12-19,SKU003,3,4.724576422638486
2025-12-20,SKU003,5,4.63281337616668
2025-12-21,SKU003,3,4.624154970270104
2025-12-22,SKU003,3,4.480323291209512
2025-12-23,SKU003,6,4.2382719619453875
2025-12-24,SKU003,2,4.324202619905496
2025-12-25,SKU003,4,4.684169747919308
2025-12-26,SKU003,6,4.743176301431342
2025-12-27,SKU003,9,4.566983812818728
2025-12-28,SKU003,4,5.0123798986098045
2025-12-29,SKU003,7,4.199407688370924
2025-12-30,SKU003,4,4.165612038112849
2025-12-31,SKU003,6,4.3274960403975955
2025-08-13,SKU004,3,3.879709009803214
2025-08-14,SKU004,3,4.017975083742042
2025-08-15,SKU004,5,4.142058905351314
2025-08-16,SKU004,4,3.866191151588091
2025-08-17,SKU004,3,4.514076407635255
2025-08-18,SKU004,2,3.622434267647666
2025-08-19,SKU004,3,3.861315653225966
2025-08-20,SKU004,1,3.931097712412273
2025-08-21,SKU004,3,4.022312471223112
2025-08-22,SKU004,4,3.683663659450629
2025-08-23,SKU004,3,4.940873584857721
2025-08-24,SKU004,2,4.841617240024643
2025-08-25,SKU004,7,4.135806419671833
2025-08-26,SKU004,2,3.7478472620135626
2025-08-27,SKU004,5,3.773820497457866
2025-08-28,SKU004,2,3.7291486125995097
2025-08-29,SKU004,4,3.504964127675316
2025-08-30,SKU004,9,4.800131726203448
2025-08-31,SKU004,7,3.902348753965187
2025-09-01,SKU004,6,3.678296742419814
2025-09-02,SKU004,2,3.443758481248894
2025-09-03,SKU004,2,3.4865801968555052
2025-09-04,SKU004,6,3.463168276815336
2025-09-05,SKU004,5,3.1738102566813753
2025-09-06,SKU004,10,4.428424123377339
2025-09-07,SKU004,7,6.023901188482438
2025-09-08,SKU004,0,3.8939103266184576
2025-09-09,SKU004,7,3.873156455554757
2025-09-10,SKU004,3,3.9877663932660328
2025-09-11,SKU004,6,3.8868245913355826
2025-09-12,SKU004,4,4.164479825070238
2025-09-13,SKU004,4,6.135105864191886
2025-09-14,SKU004,5,5.283891114343662
2025-09-15,SKU004,2,4.1844911377416825
2025-09-16,SKU004,2,3.9280838130572353
2025-09-17,SKU004,5,3.976629429284315
2025-09-18,SKU004,1,4.00954281248725
2025-09-19,SKU004,5,4.243469745890708
2025-09-20,SKU004,2,6.158788518305135
2025-09-21,SKU004,9,5.6546738828559375
2025-09-22,SKU004,3,4.010741224189864
2025-09-23,SKU004,5,4.077300748980301
2025-09-24,SKU004,1,3.909868355143911
2025-09-25,SKU004,6,4.016106839808703
2025-09-26,SKU004,6,4.049274006660572
2025-09-27,SKU004,5,7.555701588875527
2025-09-28,SKU004,2,6.15616664010232
2025-09-29,SKU004,7,4.002545822198813
2025-09-30,SKU004,0,4.001821236358191
2025-10-01,SKU004,5,3.991049783499052
2025-10-02,SKU004,4,3.9738464321550997
2025-10-03,SKU004,3,4.01351543597016
2025-10-04,SKU004,3,4.117109353851559
2025-10-05,SKU004,1,4.197782211084903
2025-10-06,SKU004,1,3.6805228628696183
2025-10-07,SKU004,4,3.8044650978010055
2025-10-08,SKU004,2,3.8619960737901895
2025-10-09,SKU004,3,4.026539578572913
2025-10-10,SKU004,4,3.9671286202710245
2025-10-11,SKU004,4,5.075758267983036
2025-10-12,SKU004,10,4.589602394236007
2025-10-13,SKU004,2,3.9975486296161504
2025-10-14,SKU004,4,3.528969862231684
2025-10-15,SKU004,3,3.4801378986079627
2025-10-16,SKU004,4,3.637920234356558
2025-10-17,SKU004,5,3.162606998340716
2025-10-18,SKU004,3,3.9116186344981476
2025-10-19,SKU004,3,5.487316253969877
2025-10-20,SKU004,4,3.6430342179347446
2025-10-21,SKU004,0,3.5024284798765906
2025-10-22,SKU004,2,3.8619776873298615
2025-10-23,SKU004,4,3.9908584398497156
2025-10-24,SKU004,4,3.829432689971879
2025-10-25,SKU004,6,5.1816750376686125
2025-10-26,SKU004,4,4.634403792053445
2025-10-27,SKU004,4,3.5640834844114737
2025-10-28,SKU004,6,4.153390596507847
2025-10-29,SKU004,6,3.6952978194584443
2025-10-30,SKU004,2,3.4483130627478698
2025-10-31,SKU004,5,3.3356791657877847
2025-11-01,SKU004,6,4.269573264361296
2025-11-02,SKU004,3,4.134675449067146
2025-11-03,SKU004,5,3.427636051363021
2025-11-04,SKU004,3,3.2241816032148556
2025-11-05,SKU004,3,3.2930918043556887
2025-11-06,SKU004,4,3.5601751127339867
2025-11-07,SKU004,2,3.785896581126051
2025-11-08,SKU004,3,5.6541503344529165
2025-11-09,SKU004,7,4.936351577698341
2025-11-10,SKU004,3,3.596767237225308
2025-11-11,SKU004,7,3.3217044651171164
2025-11-12,SKU004,2,3.3523361729217185
2025-11-13,SKU004,3,3.4801632902256023
2025-11-14,SKU004,6,3.482640416060883
2025-11-15,SKU004,2,3.882747685570643
2025-11-16,SKU004,8,5.8484038622821455
2025-11-17,SKU004,4,3.719675538615342
2025-11-18,SKU004,3,3.7018900757769524
2025-11-19,SKU004,5,3.789523545082821
2025-11-20,SKU004,3,4.051910721469707
2025-11-21,SKU004,1,3.950992921124922
2025-11-22,SKU004,4,5.274675152439515
2025-11-23,SKU004,8,5.243677094336502
2025-11-24,SKU004,2,3.8747951331621495
2025-11-25,SKU004,0,3.878852600969517
2025-11-26,SKU004,4,3.5266056719717627
2025-11-27,SKU004,3,3.71782276017075
2025-11-28,SKU004,3,3.617732366318297
2025-11-29,SKU004,5,5.097659905087044
2025-11-30,SKU004,5,6.063918375308102
2025-12-01,SKU004,5,4.263464228452726
2025-12-02,SKU004,3,3.7986573006126183
2025-12-03,SKU004,1,3.828377940655129
2025-12-04,SKU004,3,3.7989501391225065
2025-12-05,SKU004,7,3.9327278041654377
2025-12-06,SKU004,5,4.879081730218049
2025-12-07,SKU004,4,4.333595268229092
2025-12-08,SKU004,5,3.846641146044031
2025-12-09,SKU004,5,3.7042349755196846
2025-12-10,SKU004,4,3.4977051725198924
2025-12-11,SKU004,6,3.2294407676627173
2025-12-12,SKU004,4,3.9702927148596188
2025-12-13,SKU004,8,3.630626927304188
2025-12-14,SKU004,7,4.764062694996403
2025-12-15,SKU004,5,4.128689666905632
2025-12-16,SKU004,6,4.234766285840974
2025-12-17,SKU004,7,4.387448754458041
2025-12-18,SKU004,3,4.647949246076445
2025-12-19,SKU004,6,4.6474495545509065
2025-12-20,SKU004,4,4.418884036653001
2025-12-21,SKU004,7,4.432626645815792
2025-12-22,SKU004,4,4.1101000875329525
2025-12-23,SKU004,7,3.998984291037751
2025-12-24,SKU004,4,4.1181124247113505
2025-12-25,SKU004,3,4.796421552021884
2025-12-26,SKU004,2,4.531702374465164
2025-12-27,SKU004,3,4.803269495677565
2025-12-28,SKU004,7,4.300369349824356
2025-12-29,SKU004,1,4.6087572105531205
2025-12-30,SKU004,3,4.025099481310983
2025-12-31,SKU004,2,4.329326115684411
2025-08-13,SKU005,17,14.512397047040501
2025-08-14,SKU005,17,14.5806939026702
2025-08-15,SKU005,17,14.101913088180392
2025-08-16,SKU005,14,17.03726770925248
2025-08-17,SKU005,13,16.91924400906719
2025-08-18,SKU005,8,14.229057373145151
2025-08-19,SKU005,17,14.32761264716966
2025-08-20,SKU005,11,14.027708635639412
2025-08-21,SKU005,9,14.181081852287589
2025-08-22,SKU005,13,13.821236164327258
2025-08-23,SKU005,17,15.034507351897139
2025-08-24,SKU005,20,15.116532989444181
2025-08-25,SKU005,12,14.865722119565898
2025-08-26,SKU005,13,13.949214504868639
2025-08-27,SKU005,14,14.20291601056693
2025-08-28,SKU005,22,14.137941082069823
2025-08-29,SKU005,10,14.199000928677444
2025-08-30,SKU005,16,16.63916972944866
2025-08-31,SKU005,9,16.432043752371523
2025-09-01,SKU005,13,12.83912988904934
2025-09-02,SKU005,15,12.820320905616706
2025-09-03,SKU005,15,12.58128232494994
2025-09-04,SKU005,17,12.817741582835692
2025-09-05,SKU005,9,13.513775738008066
2025-09-06,SKU005,12,17.47968825352466
2025-09-07,SKU005,14,18.41573897891734
2025-09-08,SKU005,12,12.857230497073177
2025-09-09,SKU005,12,13.023057746826609
2025-09-10,SKU005,10,12.816796406728544
2025-09-11,SKU005,10,12.478872425381917
2025-09-12,SKU005,17,11.92736870233079
2025-09-13,SKU005,15,17.55726334432986
2025-09-14,SKU005,20,17.063985650214953
2025-09-15,SKU005,13,11.996324041406048
2025-09-16,SKU005,14,12.477803929999439
2025-09-17,SKU005,12,12.65194897570544
2025-09-18,SKU005,5,12.718233477479226
2025-09-19,SKU005,12,12.642213855692892
2025-09-20,SKU005,19,17.38325957729063
2025-09-21,SKU005,14,17.652561694619568
2025-09-22,SKU005,10,11.342329479989111
2025-09-23,SKU005,18,11.863717978336258
2025-09-24,SKU005,9,12.098908817684949
2025-09-25,SKU005,16,12.104641130421674
2025-09-26,SKU005,14,11.82494211594149
2025-09-27,SKU005,19,17.07964865164042
2025-09-28,SKU005,22,17.770062582327395
2025-09-29,SKU005,12,12.971869347324649
2025-09-30,SKU005,13,13.745534543691091
2025-10-01,SKU005,10,13.397780040413679
2025-10-02,SKU005,13,12.350845427880332
2025-10-03,SKU005,15,11.80694400266396
2025-10-04,SKU005,15,14.804233615136576
2025-10-05,SKU005,19,14.476575646266117
2025-10-06,SKU005,12,12.408059498335945
2025-10-07,SKU005,14,12.60471171338278
2025-10-08,SKU005,15,12.910016789486209
2025-10-09,SKU005,17,12.580872204524892
2025-10-10,SKU005,15,12.828684449891105
2025-10-11,SKU005,22,13.953163090569776
2025-10-12,SKU005,12,16.912723572018344
2025-10-13,SKU005,18,12.871762181871318
2025-10-14,SKU005,16,13.854572844473937
2025-10-15,SKU005,11,13.86701244809017
2025-10-16,SKU005,14,14.23561202098757
2025-10-17,SKU005,12,13.41182846575655
2025-10-18,SKU005,13,17.12524470955642
2025-10-19,SKU005,21,15.883704541119135
2025-10-20,SKU005,9,13.905956851165433
2025-10-21,SKU005,5,13.706737285015599
2025-10-22,SKU005,18,12.562879914246771
2025-10-23,SKU005,22,12.867207895271699
2025-10-24,SKU005,14,13.6835188886242
2025-10-25,SKU005,15,16.36143990131791
2025-10-26,SKU005,15,17.020691658874703
2025-10-27,SKU005,14,13.040936862620732
2025-10-28,SKU005,15,13.69312613892388
2025-10-29,SKU005,15,14.07381738743883
2025-10-30,SKU005,18,14.018225304471555
2025-10-31,SKU005,11,13.91235836041556
2025-11-01,SKU005,20,18.767862910327484
2025-11-02,SKU005,11,19.64092638226704
2025-11-03,SKU005,12,13.485527938226705
2025-11-04,SKU005,19,13.460177837633704
2025-11-05,SKU005,18,13.921836340564216
2025-11-06,SKU005,12,14.06092218721647
2025-11-07,SKU005,10,13.660435934882235
2025-11-08,SKU005,22,18.954978316650894
2025-11-09,SKU005,21,19.185852008719888
2025-11-10,SKU005,13,14.278061840292816
2025-11-11,SKU005,13,14.304225608617593
2025-11-12,SKU005,9,13.881949764143865
2025-11-13,SKU005,10,13.379341248055296
2025-11-14,SKU005,16,12.883110369115224
2025-11-15,SKU005,24,18.816568963357206
2025-11-16,SKU005,17,19.316812289668817
2025-11-17,SKU005,16,14.02719156704938
2025-11-18,SKU005,12,14.273382153991415
2025-11-19,SKU005,14,14.011346287269351
2025-11-20,SKU005,10,14.33165256867762
2025-11-21,SKU005,17,13.7082003759484
2025-11-22,SKU005,25,18.349296597187976
2025-11-23,SKU005,21,19.239508261535445
2025-11-24,SKU005,8,14.184453643725952
2025-11-25,SKU005,18,14.437104263136156
2025-11-26,SKU005,15,14.146996476014367
2025-11-27,SKU005,10,14.311120368865424
2025-11-28,SKU005,9,13.999806336732517
2025-11-29,SKU005,14,18.262980203210187
2025-11-30,SKU005,26,16.635465425541096
2025-12-01,SKU005,19,14.769867114623374
2025-12-02,SKU005,13,14.459938305136907
2025-12-03,SKU005,13,14.350932273639438
2025-12-04,SKU005,15,14.32940136222001
2025-12-05,SKU005,10,14.433595236169877
2025-12-06,SKU005,15,16.248041294576616
2025-12-07,SKU005,11,16.894077646668688
2025-12-08,SKU005,16,13.769373631119617
2025-12-09,SKU005,13,13.343785057064606
2025-12-10,SKU005,15,13.274702242000632
2025-12-11,SKU005,10,13.339897479087128
2025-12-12,SKU005,17,13.578433803650631
2025-12-13,SKU005,17,16.676384626133064
2025-12-14,SKU005,15,15.274992426347557
2025-12-15,SKU005,9,13.47044446267962
2025-12-16,SKU005,15,13.309943813760631
2025-12-17,SKU005,16,12.897905682809965
2025-12-18,SKU005,14,13.500322532900995
2025-12-19,SKU005,12,13.499366577512093
2025-12-20,SKU005,18,16.660244075631116
2025-12-21,SKU005,16,15.284195863068724
2025-12-22,SKU005,21,13.751217006165994
2025-12-23,SKU005,14,13.956289571690643
2025-12-24,SKU005,13,14.074163036592067
2025-12-25,SKU005,18,13.123002416743079
2025-12-26,SKU005,8,13.892633756688081
2025-12-27,SKU005,18,16.71283544563724
2025-12-28,SKU005,16,16.457245034997996
2025-12-29,SKU005,17,13.741388880154668
2025-12-30,SKU005,16,13.162155217194703
2025-12-31,SKU005,17,13.329316381968315
2025-08-13,SKU006,5,5.736518636019286
2025-08-14,SKU006,5,5.909665875783545
2025-08-15,SKU006,6,6.361587548437864
2025-08-16,SKU006,6,6.912726599077093
2025-08-17,SKU006,4,7.265598035374482
2025-08-18,SKU006,7,5.294886978565754
2025-08-19,SKU006,7,5.102096300236161
2025-08-20,SKU006,6,5.469857549364507
2025-08-21,SKU006,5,5.55828982304975
2025-08-22,SKU006,8,5.568563853260722
2025-08-23,SKU006,5,6.631088912544121
2025-08-24,SKU006,4,6.8269702354729125
2025-08-25,SKU006,4,5.266565705226535
2025-08-26,SKU006,1,5.332342821081741
2025-08-27,SKU006,7,5.258994240491959
2025-08-28,SKU006,6,5.617931790086662
2025-08-29,SKU006,3,5.686757763379328
2025-08-30,SKU006,8,6.08351802847777
2025-08-31,SKU006,7,6.1618405401196465
2025-09-01,SKU006,5,5.184809512284853
2025-09-02,SKU006,3,5.547950068054771
2025-09-03,SKU006,3,5.325533166474815
2025-09-04,SKU006,6,4.941178868670661
2025-09-05,SKU006,8,4.964022326806485
2025-09-06,SKU006,8,5.686564832253887
2025-09-07,SKU006,10,5.9930562318688025
2025-09-08,SKU006,7,5.416096681931018
2025-09-09,SKU006,5,4.695848981988245
2025-09-10,SKU006,5,4.943155054946756
2025-09-11,SKU006,5,5.222447895915425
2025-09-12,SKU006,2,5.412186537368013
2025-09-13,SKU006,5,6.5164867434424005
2025-09-14,SKU006,11,6.4844634681574
2025-09-15,SKU006,6,5.323499127317929
2025-09-16,SKU006,6,5.420782981769688
2025-09-17,SKU006,5,5.338212681352982
2025-09-18,SKU006,5,5.1352800580282345
2025-09-19,SKU006,7,5.118075279660178
2025-09-20,SKU006,9,6.681377906727039
2025-09-21,SKU006,7,9.002192994229032
2025-09-22,SKU006,6,5.726299555869027
2025-09-23,SKU006,3,5.704020384099802
2025-09-24,SKU006,4,5.591757478277881
2025-09-25,SKU006,7,5.576264193520561
2025-09-26,SKU006,9,5.640562190668224
2025-09-27,SKU006,12,6.819407679342528
2025-09-28,SKU006,7,8.978959109982828
2025-09-29,SKU006,7,5.536303499658118
2025-09-30,SKU006,7,5.725863715041891
2025-10-01,SKU006,5,5.940408715483271
2025-10-02,SKU006,5,6.548858728220187
2025-10-03,SKU006,5,6.189179379957999
2025-10-04,SKU006,9,6.331593943468035
2025-10-05,SKU006,5,6.993222559063437
2025-10-06,SKU006,8,5.26675816310247
2025-10-07,SKU006,5,5.339827640251306
2025-10-08,SKU006,4,5.537009578655251
2025-10-09,SKU006,5,5.6050819357372355
2025-10-10,SKU006,5,5.626024349215424
2025-10-11,SKU006,4,7.478600858968792
2025-10-12,SKU006,7,6.314046931236073
2025-10-13,SKU006,2,5.403824940761746
2025-10-14,SKU006,1,5.474607261054034
2025-10-15,SKU006,3,5.911163341187596
2025-10-16,SKU006,9,6.076268988503492
2025-10-17,SKU006,5,5.520704214944709
2025-10-18,SKU006,4,6.298846963098109
2025-10-19,SKU006,5,5.638224474609685
2025-10-20,SKU006,5,6.005271597975208
2025-10-21,SKU006,3,4.922560843208193
2025-10-22,SKU006,3,4.728544986533708
2025-10-23,SKU006,9,5.48930430823242
2025-10-24,SKU006,4,5.311211395100787
2025-10-25,SKU006,6,5.362122803717634
2025-10-26,SKU006,4,5.137905217335548
2025-10-27,SKU006,4,4.599138049010809
2025-10-28,SKU006,2,4.40061378722205
2025-10-29,SKU006,4,4.517470469845185
2025-10-30,SKU006,5,4.360427082311242
2025-10-31,SKU006,4,4.711473023176918
2025-11-01,SKU006,9,6.216933197557015
2025-11-02,SKU006,8,7.283741410950263
2025-11-03,SKU006,9,4.509750189658014
2025-11-04,SKU006,2,4.540752136111771
2025-11-05,SKU006,5,4.698263699809365
2025-11-06,SKU006,4,4.825861375649084
2025-11-07,SKU006,7,4.9003664847204496
2025-11-08,SKU006,3,6.378129191415484
2025-11-09,SKU006,9,7.192501222122969
2025-11-10,SKU006,5,4.485984843908451
2025-11-11,SKU006,4,4.365829535520394
2025-11-12,SKU006,4,4.579175187610887
2025-11-13,SKU006,3,4.579118079272867
2025-11-14,SKU006,5,4.519057067936795
2025-11-15,SKU006,1,6.743993909481949
2025-11-16,SKU006,9,6.067295658734382
2025-11-17,SKU006,6,4.730486920054503
2025-11-18,SKU006,5,4.529676167757697
2025-11-19,SKU006,5,4.585396444801873
2025-11-20,SKU006,8,4.500387805394422
2025-11-21,SKU006,7,4.875340378634877
2025-11-22,SKU006,10,7.180255275272932
2025-11-23,SKU006,4,9.980451762709912
2025-11-24,SKU006,3,4.797462625461391
2025-11-25,SKU006,3,4.87346214322067
2025-11-26,SKU006,7,4.876142656618549
2025-11-27,SKU006,9,5.017964691305384
2025-11-28,SKU006,8,5.700170005431464
2025-11-29,SKU006,4,5.8696309504155115
2025-11-30,SKU006,6,6.277739795941596
2025-12-01,SKU006,5,4.990516750394965
2025-12-02,SKU006,5,4.649271152174036
2025-12-03,SKU006,7,4.843935732806694
2025-12-04,SKU006,4,5.507781544991471
2025-12-05,SKU006,5,5.8855217345534205
2025-12-06,SKU006,5,6.941596505838612
2025-12-07,SKU006,6,6.864519713466218
2025-12-08,SKU006,6,5.2069509180773785
2025-12-09,SKU006,9,5.131055196104336
2025-12-10,SKU006,2,5.449315254685526
2025-12-11,SKU006,5,5.165152454573347
2025-12-12,SKU006,8,6.163878719628196
2025-12-13,SKU006,3,6.8904921242605255
2025-12-14,SKU006,8,6.100651098418059
2025-12-15,SKU006,6,6.241227630733038
2025-12-16,SKU006,7,6.325513728063848
2025-12-17,SKU006,4,6.059176561143168
2025-12-18,SKU006,2,6.330012005292847
2025-12-19,SKU006,7,6.177055923081498
2025-12-20,SKU006,5,6.979046330606818
2025-12-21,SKU006,10,6.606030123331309
2025-12-22,SKU006,4,5.5807437287351975
2025-12-23,SKU006,6,5.478101323639058
2025-12-24,SKU006,11,5.533336705939568
2025-12-25,SKU006,5,7.859868607451494
2025-12-26,SKU006,4,6.6702435074652655
2025-12-27,SKU006,8,7.09701445221327
2025-12-28,SKU006,5,7.420573687168536
2025-12-29,SKU006,6,5.516381007124258
2025-12-30,SKU006,6,6.4588622363884625
2025-12-31,SKU006,8,6.27321345788764
2025-08-13,SKU007,27,20.243884622794102
2025-08-14,SKU007,21,21.00976369558267
2025-08-15,SKU007,20,20.867984292854914
2025-08-16,SKU007,19,23.92268313435149
2025-08-17,SKU007,32,24.33565163141886
2025-08-18,SKU007,20,21.31571390968797
2025-08-19,SKU007,28,20.62704777147193
2025-08-20,SKU007,21,20.70503695831236
2025-08-21,SKU007,13,20.590438964945363
2025-08-22,SKU007,18,20.60007961591951
2025-08-23,SKU007,28,23.78029709316388
2025-08-24,SKU007,18,22.81192871388833
2025-08-25,SKU007,30,20.770137436016363
2025-08-26,SKU007,19,20.569927373829156
2025-08-27,SKU007,18,20.684440246935623
2025-08-28,SKU007,24,20.007482977826744
2025-08-29,SKU007,20,21.00428625810066
2025-08-30,SKU007,26,22.66165713911109
2025-08-31,SKU007,33,21.680606323474304
2025-09-01,SKU007,22,20.907830732717965
2025-09-02,SKU007,14,20.78162990805509
2025-09-03,SKU007,27,20.301748806917118
2025-09-04,SKU007,19,19.879063118447544
2025-09-05,SKU007,15,20.021056234557935
2025-09-06,SKU007,28,29.317370088125376
2025-09-07,SKU007,27,29.491544588186663
2025-09-08,SKU007,24,20.581817552001272
2025-09-09,SKU007,21,21.487855061137797
2025-09-10,SKU007,14,19.939852202241152
2025-09-11,SKU007,24,20.3179485875634
2025-09-12,SKU007,18,21.35647198658069
2025-09-13,SKU007,26,29.245285263020595
2025-09-14,SKU007,26,30.593219769445312
2025-09-15,SKU007,20,20.414262411772572
2025-09-16,SKU007,19,21.01366459641126
2025-09-17,SKU007,21,20.4625551853227
2025-09-18,SKU007,21,19.68080755866372
2025-09-19,SKU007,13,20.40210308885462
2025-09-20,SKU007,42,28.71188891214764
2025-09-21,SKU007,26,29.09378197357926
2025-09-22,SKU007,24,21.19776103331492
2025-09-23,SKU007,30,20.72121556348667
2025-09-24,SKU007,20,20.463654421699268
2025-09-25,SKU007,28,20.394312304283147
2025-09-26,SKU007,18,20.299609811994916
2025-09-27,SKU007,23,30.10022212685671
2025-09-28,SKU007,28,30.781278299460574
2025-09-29,SKU007,21,20.77004090018084
2025-09-30,SKU007,15,20.525322976928436
2025-10-01,SKU007,22,20.541552748270213
2025-10-02,SKU007,19,19.65420190236372
2025-10-03,SKU007,13,19.93570261113847
2025-10-04,SKU007,22,23.443772785446168
2025-10-05,SKU007,17,21.589296614832925
2025-10-06,SKU007,19,18.198073264404933
2025-10-07,SKU007,17,18.564036459622262
2025-10-08,SKU007,28,18.38606848404899
2025-10-09,SKU007,23,19.48984096291701
2025-10-10,SKU007,12,19.79182471901273
2025-10-11,SKU007,21,21.345890534668715
2025-10-12,SKU007,29,21.231234537462043
2025-10-13,SKU007,24,20.61222021806813
2025-10-14,SKU007,22,20.345703228114076
2025-10-15,SKU007,19,19.91520387692909
2025-10-16,SKU007,17,19.7870834130416
2025-10-17,SKU007,26,20.06063980805979
2025-10-18,SKU007,16,23.410629400883508
2025-10-19,SKU007,34,21.397606348213024
2025-10-20,SKU007,18,20.036327227366076
2025-10-21,SKU007,23,20.435366686196552
2025-10-22,SKU007,23,20.506361717143054
2025-10-23,SKU007,17,19.93800052843371
2025-10-24,SKU007,17,19.70539640491172
2025-10-25,SKU007,15,20.385781038671396
2025-10-26,SKU007,18,20.726576800496396
2025-10-27,SKU007,21,16.863368091670246
2025-10-28,SKU007,13,17.307918983635528
2025-10-29,SKU007,22,17.61991832781586
2025-10-30,SKU007,21,17.152543545821537
2025-10-31,SKU007,19,16.84194786703214
2025-11-01,SKU007,28,32.42094337389786
2025-11-02,SKU007,28,30.61398270584207
2025-11-03,SKU007,20,20.49360807725918
2025-11-04,SKU007,20,20.611496568947082
2025-11-05,SKU007,22,20.79909020452403
2025-11-06,SKU007,19,20.03103051292766
2025-11-07,SKU007,14,19.743479776382934
2025-11-08,SKU007,25,30.665304410730947
2025-11-09,SKU007,22,35.233407131822766
2025-11-10,SKU007,12,19.274982769578074
2025-11-11,SKU007,21,18.54324560975666
2025-11-12,SKU007,16,18.57818363882886
2025-11-13,SKU007,14,17.75844523034691
2025-11-14,SKU007,10,17.902388429240403
2025-11-15,SKU007,23,28.408591787531723
2025-11-16,SKU007,35,29.875179997784894
2025-11-17,SKU007,14,18.032477134340553
2025-11-18,SKU007,28,18.587389694343184
2025-11-19,SKU007,24,18.331570391083826
2025-11-20,SKU007,13,18.361586929305087
2025-11-21,SKU007,18,18.523962620556265
2025-11-22,SKU007,31,30.094578658914365
2025-11-23,SKU007,29,29.21431741720372
2025-11-24,SKU007,28,19.175720801538514
2025-11-25,SKU007,24,20.530826600855065
2025-11-26,SKU007,20,20.586503840049737
2025-11-27,SKU007,20,19.973126439718097
2025-11-28,SKU007,27,19.954567655175744
2025-11-29,SKU007,29,29.619468489814395
2025-11-30,SKU007,33,30.949315608059536
2025-12-01,SKU007,30,24.570735524087336
2025-12-02,SKU007,17,22.45397130411582
2025-12-03,SKU007,10,24.499172877977635
2025-12-04,SKU007,22,22.269231820189454
2025-12-05,SKU007,20,22.08374272452569
2025-12-06,SKU007,26,21.93722189435356
2025-12-07,SKU007,20,22.1793930089969
2025-12-08,SKU007,21,20.40694211947405
2025-12-09,SKU007,18,20.8396628251997
2025-12-10,SKU007,17,21.519230969431568
2025-12-11,SKU007,28,19.896228655413772
2025-12-12,SKU007,23,21.09662690251686
2025-12-13,SKU007,18,21.65887318363393
2025-12-14,SKU007,29,23.57683677231306
2025-12-15,SKU007,23,21.25675997565937
2025-12-16,SKU007,21,21.127400828894068
2025-12-17,SKU007,18,21.48862132789364
2025-12-18,SKU007,30,20.671290097265015
2025-12-19,SKU007,16,21.26527435725402
2025-12-20,SKU007,19,23.693214952671187
2025-12-21,SKU007,22,22.50035445467963
2025-12-22,SKU007,29,21.697812855599345
2025-12-23,SKU007,24,21.125622205074297
2025-12-24,SKU007,22,21.357451871702164
2025-12-25,SKU007,21,20.445803427776806
2025-12-26,SKU007,13,20.497131512521708
2025-12-27,SKU007,23,22.662925516883764
2025-12-28,SKU007,29,20.608463148107365
2025-12-29,SKU007,21,21.828593426804375
2025-12-30,SKU007,30,21.82648385307652
2025-12-31,SKU007,17,22.150890511540876
2025-08-13,SKU008,17,14.19221375145921
2025-08-14,SKU008,12,14.252714652590395
2025-08-15,SKU008,26,13.47629017007339
2025-08-16,SKU008,12,17.4430544667979
2025-08-17,SKU008,17,16.395162337803036
2025-08-18,SKU008,13,14.085585292699642
2025-08-19,SKU008,12,14.186583217905106
2025-08-20,SKU008,14,14.176374206898375
2025-08-21,SKU008,6,14.431242633347429
2025-08-22,SKU008,22,14.257228091095765
2025-08-23,SKU008,11,16.489176282543607
2025-08-24,SKU008,11,16.85193980276189
2025-08-25,SKU008,17,13.426316481341653
2025-08-26,SKU008,10,13.349134556150835
2025-08-27,SKU008,11,13.605088541315672
2025-08-28,SKU008,14,13.499126581298933
2025-08-29,SKU008,18,13.809415560481042
2025-08-30,SKU008,15,15.056869822465439
2025-08-31,SKU008,16,14.89140196841232
2025-09-01,SKU008,11,14.05197236647648
2025-09-02,SKU008,9,13.961990564351034
2025-09-03,SKU008,11,13.384109536393423
2025-09-04,SKU008,14,13.044842466508664
2025-09-05,SKU008,10,13.423221696164475
2025-09-06,SKU008,20,18.225422067752742
2025-09-07,SKU008,17,18.638536646152147
2025-09-08,SKU008,10,12.809272248195711
2025-09-09,SKU008,12,13.975699318126466
2025-09-10,SKU008,4,12.584035999306602
2025-09-11,SKU008,16,11.638458972333803
2025-09-12,SKU008,11,12.53561217005503
2025-09-13,SKU008,21,16.569393765891007
2025-09-14,SKU008,16,17.02254457139773
2025-09-15,SKU008,10,11.480481018995693
2025-09-16,SKU008,9,11.453023271452196
2025-09-17,SKU008,4,11.908403167247195
2025-09-18,SKU008,15,11.644785340704262
2025-09-19,SKU008,11,11.856715176944785
2025-09-20,SKU008,20,16.13447463183598
2025-09-21,SKU008,18,16.931810350009595
2025-09-22,SKU008,18,11.576893753803926
2025-09-23,SKU008,11,12.173094699080538
2025-09-24,SKU008,7,12.027683628946702
2025-09-25,SKU008,9,11.656707164675918
2025-09-26,SKU008,13,12.205049538161703
2025-09-27,SKU008,14,16.633430456542285
2025-09-28,SKU008,21,17.394122658302628
2025-09-29,SKU008,13,11.860710289439842
2025-09-30,SKU008,11,11.658990565947096
2025-10-01,SKU008,20,11.819424045088809
2025-10-02,SKU008,10,11.631778403998208
2025-10-03,SKU008,8,11.599186727781332
2025-10-04,SKU008,18,13.291993162928343
2025-10-05,SKU008,18,13.919474907128631
2025-10-06,SKU008,10,11.82126959196974
2025-10-07,SKU008,12,11.791730110435173
2025-10-08,SKU008,8,12.81952712191956
2025-10-09,SKU008,18,11.768549589935322
2025-10-10,SKU008,13,12.42970138050207
2025-10-11,SKU008,11,14.610798571398973
2025-10-12,SKU008,16,13.525418603042253
2025-10-13,SKU008,23,11.616247532259349
2025-10-14,SKU008,15,11.863834664154355
2025-10-15,SKU008,15,13.24778072784061
2025-10-16,SKU008,13,13.654809482789458
2025-10-17,SKU008,18,12.359892492409985
2025-10-18,SKU008,20,13.103036630998728
2025-10-19,SKU008,11,14.082526820179696
2025-10-20,SKU008,13,14.340199539718883
2025-10-21,SKU008,10,12.58504500684949
2025-10-22,SKU008,10,12.459974852191017
2025-10-23,SKU008,8,13.011530025997592
2025-10-24,SKU008,16,12.823262338971649
2025-10-25,SKU008,10,14.191098503862154
2025-10-26,SKU008,14,13.26196210913299
2025-10-27,SKU008,16,11.804294409417665
2025-10-28,SKU008,10,12.243629621853353
2025-10-29,SKU008,7,12.152600073054678
2025-10-30,SKU008,12,11.960509775489973
2025-10-31,SKU008,10,11.509904375263153
2025-11-01,SKU008,22,16.805629099538205
2025-11-02,SKU008,23,17.3791986764028
2025-11-03,SKU008,22,12.527081911555648
2025-11-04,SKU008,14,13.190097814000694
2025-11-05,SKU008,11,13.931616216605539
2025-11-06,SKU008,15,14.015390273229261
2025-11-07,SKU008,10,13.63092741683081
2025-11-08,SKU008,18,18.131628710400925
2025-11-09,SKU008,22,18.35963981350479
2025-11-10,SKU008,9,14.086490131609645
2025-11-11,SKU008,14,12.570999016334603
2025-11-12,SKU008,9,12.573797421290767
2025-11-13,SKU008,9,12.84455068875868
2025-11-14,SKU008,15,13.180516221415449
2025-11-15,SKU008,16,18.06058739674143
2025-11-16,SKU008,22,17.17180960824001
2025-11-17,SKU008,16,13.411855168211233
2025-11-18,SKU008,12,12.473841102618273
2025-11-19,SKU008,11,13.235375581708706
2025-11-20,SKU008,11,13.309941007292494
2025-11-21,SKU008,8,12.78183812278025
2025-11-22,SKU008,19,17.7697750552088
2025-11-23,SKU008,14,15.308852985082881
2025-11-24,SKU008,19,13.035355578038331
2025-11-25,SKU008,15,13.02295745230477
2025-11-26,SKU008,15,12.857735605434591
2025-11-27,SKU008,9,13.418064984446364
2025-11-28,SKU008,19,13.633502424141431
2025-11-29,SKU008,13,18.98730818133956
2025-11-30,SKU008,27,18.581523656507677
2025-12-01,SKU008,19,14.124130636016494
2025-12-02,SKU008,12,13.836941050074513
2025-12-03,SKU008,12,13.843108436626546
2025-12-04,SKU008,10,14.050187587736518
2025-12-05,SKU008,12,13.511429143515624
2025-12-06,SKU008,20,16.625583507281974
2025-12-07,SKU008,12,16.994493411958846
2025-12-08,SKU008,17,13.124383959333937
2025-12-09,SKU008,20,13.221886865868102
2025-12-10,SKU008,12,13.365601592453826
2025-12-11,SKU008,15,13.577000790612798
2025-12-12,SKU008,18,13.898928352398034
2025-12-13,SKU008,12,16.998282491282463
2025-12-14,SKU008,18,15.553040952013685
2025-12-15,SKU008,16,14.025394926828396
2025-12-16,SKU008,19,14.24198602846897
2025-12-17,SKU008,12,14.126217021435567
2025-12-18,SKU008,15,13.905209710410533
2025-12-19,SKU008,13,14.008777800304332
2025-12-20,SKU008,9,16.11396794752311
2025-12-21,SKU008,16,17.026418759160563
2025-12-22,SKU008,14,14.184225242512918
2025-12-23,SKU008,11,13.994979965909863
2025-12-24,SKU008,13,13.240761483990479
2025-12-25,SKU008,14,12.93053743513364
2025-12-26,SKU008,17,13.200683373994034
2025-12-27,SKU008,13,15.21860420110663
2025-12-28,SKU008,23,16.932594334340926
2025-12-29,SKU008,13,13.3387978895981
2025-12-30,SKU008,12,13.194906220052896
2025-12-31,SKU008,11,13.040939886969761
2025-08-13,SKU009,6,8.890768637626307
2025-08-14,SKU009,9,8.805931291070785
2025-08-15,SKU009,4,8.845470579795231
2025-08-16,SKU009,10,9.768849857137173
2025-08-17,SKU009,13,10.17459855908016
2025-08-18,SKU009,10,7.829302877017941
2025-08-19,SKU009,9,8.259791169996642
2025-08-20,SKU009,9,8.06113281396712
2025-08-21,SKU009,10,7.782101745293683
2025-08-22,SKU009,10,8.231318413689449
2025-08-23,SKU009,11,10.383644431206754
2025-08-24,SKU009,10,10.814850369665283
2025-08-25,SKU009,9,7.7703909919411664
2025-08-26,SKU009,8,8.111354130141736
2025-08-27,SKU009,9,7.991313687434631
2025-08-28,SKU009,5,8.028815265378874
2025-08-29,SKU009,10,7.953785472839386
2025-08-30,SKU009,7,10.731497875616446
2025-08-31,SKU009,14,10.701778833440951
2025-09-01,SKU009,6,7.559858612452706
2025-09-02,SKU009,10,8.095635070340466
2025-09-03,SKU009,3,7.978739208085392
2025-09-04,SKU009,12,8.013678703944564
2025-09-05,SKU009,11,7.858654960475004
2025-09-06,SKU009,14,10.319429205381745
2025-09-07,SKU009,15,10.492821265376826
2025-09-08,SKU009,6,7.802261340411937
2025-09-09,SKU009,11,8.324895247927143
2025-09-10,SKU009,9,8.402497657673765
2025-09-11,SKU009,20,7.625626518382684
2025-09-12,SKU009,6,8.964525384889647
2025-09-13,SKU009,17,12.532702332140932
2025-09-14,SKU009,18,12.777807917589003
2025-09-15,SKU009,6,9.26528596777914
2025-09-16,SKU009,4,8.195118006408174
2025-09-17,SKU009,12,8.904250622907048
2025-09-18,SKU009,11,9.713697970988513
2025-09-19,SKU009,8,9.326752328219658
2025-09-20,SKU009,19,13.003935405582974
2025-09-21,SKU009,10,14.940249672957442
2025-09-22,SKU009,10,9.300060090379764
2025-09-23,SKU009,6,9.548697724572815
2025-09-24,SKU009,5,9.102820332992534
2025-09-25,SKU009,11,9.02692999911809
2025-09-26,SKU009,6,9.312683786668039
2025-09-27,SKU009,12,15.080998355597991
2025-09-28,SKU009,19,15.642258814948656
2025-09-29,SKU009,11,9.300992930107727
2025-09-30,SKU009,11,9.785964444513814
2025-10-01,SKU009,8,10.764021688434887
2025-10-02,SKU009,5,10.359674778626697
2025-10-03,SKU009,9,9.91590155884522
2025-10-04,SKU009,9,12.523851387945776
2025-10-05,SKU009,5,9.981485808180327
2025-10-06,SKU009,4,9.115767716155872
2025-10-07,SKU009,6,9.672756501630628
2025-10-08,SKU009,13,10.285311099084074
2025-10-09,SKU009,5,9.719072808145631
2025-10-10,SKU009,5,8.523808372311601
2025-10-11,SKU009,5,9.815195420299055
2025-10-12,SKU009,13,10.759972809629629
2025-10-13,SKU009,14,7.681171722982364
2025-10-14,SKU009,7,8.103846894027635
2025-10-15,SKU009,10,7.970020515588338
2025-10-16,SKU009,11,7.841282802013719
2025-10-17,SKU009,6,7.898763047869611
2025-10-18,SKU009,7,9.852529458164346
2025-10-19,SKU009,8,8.6780875686062
2025-10-20,SKU009,8,7.87407251952647
2025-10-21,SKU009,9,8.012841143112011
2025-10-22,SKU009,6,8.063046920812086
2025-10-23,SKU009,10,8.004773850246657
2025-10-24,SKU009,1,8.051132217350618
2025-10-25,SKU009,12,9.158129699616122
2025-10-26,SKU009,6,8.564772864321535
2025-10-27,SKU009,9,7.889175738748625
2025-10-28,SKU009,9,7.852280221835312
2025-10-29,SKU009,6,7.763034818664574
2025-10-30,SKU009,11,7.798882835528056
2025-10-31,SKU009,7,7.43406591754871
2025-11-01,SKU009,15,10.306677228148136
2025-11-02,SKU009,21,10.622480051528209
2025-11-03,SKU009,7,8.5722236505453
2025-11-04,SKU009,7,8.859932639189502
2025-11-05,SKU009,13,8.325176268256424
2025-11-06,SKU009,6,8.323517348055262
2025-11-07,SKU009,4,7.804614387204802
2025-11-08,SKU009,8,9.641759736185126
2025-11-09,SKU009,10,11.311429297567484
2025-11-10,SKU009,8,8.129207033406278
2025-11-11,SKU009,9,8.319294431816498
2025-11-12,SKU009,10,8.291733918850737
2025-11-13,SKU009,1,7.992308833860943
2025-11-14,SKU009,12,7.848184922381183
2025-11-15,SKU009,8,10.257493076746657
2025-11-16,SKU009,14,10.336899624656226
2025-11-17,SKU009,8,8.118342057371455
2025-11-18,SKU009,10,8.570676283671135
2025-11-19,SKU009,8,8.0356011343241
2025-11-20,SKU009,4,9.091724514663763
2025-11-21,SKU009,10,8.01249844041137
2025-11-22,SKU009,12,9.40459420847797
2025-11-23,SKU009,11,9.55177441577035
2025-11-24,SKU009,5,7.623317144623004
2025-11-25,SKU009,11,8.382934443523641
2025-11-26,SKU009,10,8.059760305836171
2025-11-27,SKU009,10,7.94725432772043
2025-11-28,SKU009,7,7.696915363992137
2025-11-29,SKU009,12,11.574271615256318
2025-11-30,SKU009,11,10.524706992259683
2025-12-01,SKU009,8,8.875490256358876
2025-12-02,SKU009,10,9.089080847367827
2025-12-03,SKU009,7,8.08860998269764
2025-12-04,SKU009,13,7.88175780833712
2025-12-05,SKU009,10,8.01910697549604
2025-12-06,SKU009,11,10.923817555406213
2025-12-07,SKU009,18,11.288192344259642
2025-12-08,SKU009,4,9.526370768117847
2025-12-09,SKU009,16,8.583620099298935
2025-12-10,SKU009,10,9.752144696096215
2025-12-11,SKU009,14,9.547384268669497
2025-12-12,SKU009,12,10.103043632246518
2025-12-13,SKU009,13,12.215163422357968
2025-12-14,SKU009,13,11.79044531184545
2025-12-15,SKU009,9,9.95569318615823
2025-12-16,SKU009,8,9.738390258983936
2025-12-17,SKU009,13,10.51015530188363
2025-12-18,SKU009,8,10.025425901296591
2025-12-19,SKU009,8,10.638359885908558
2025-12-20,SKU009,11,12.226926948951903
2025-12-21,SKU009,12,11.82366863262871
2025-12-22,SKU009,10,10.852826773985122
2025-12-23,SKU009,12,11.132610627260446
2025-12-24,SKU009,7,11.097152818823629
2025-12-25,SKU009,9,10.785025982680043
2025-12-26,SKU009,13,10.750238066086986
2025-12-27,SKU009,11,12.386325925301913
2025-12-28,SKU009,15,12.410781821988905
2025-12-29,SKU009,9,11.610652776748445
2025-12-30,SKU009,5,11.759508699594987
2025-12-31,SKU009,7,10.82087416260669
2025-08-13,SKU010,15,14.162124023538677
2025-08-14,SKU010,19,14.452327143599918
2025-08-15,SKU010,12,14.524708786835731
2025-08-16,SKU010,17,14.369836624268693
2025-08-17,SKU010,15,14.704847410087797
2025-08-18,SKU010,8,14.686524728378096
2025-08-19,SKU010,10,12.963135413040185
2025-08-20,SKU010,22,13.300896450039575
2025-08-21,SKU010,8,12.90931940278724
2025-08-22,SKU010,18,13.444264647670842
2025-08-23,SKU010,19,14.013285799703525
2025-08-24,SKU010,15,13.997061261172464
2025-08-25,SKU010,28,13.536444812873452
2025-08-26,SKU010,14,14.380954740864182
2025-08-27,SKU010,14,14.608333916718973
2025-08-28,SKU010,11,15.093600613420346
2025-08-29,SKU010,14,15.143350304537012
2025-08-30,SKU010,19,14.445741156218363
2025-08-31,SKU010,14,14.68340984217836
2025-09-01,SKU010,13,13.813409507678996
2025-09-02,SKU010,10,14.470023173777793
2025-09-03,SKU010,21,13.627047562834099
2025-09-04,SKU010,6,14.316160909110899
2025-09-05,SKU010,16,13.855193150757227
2025-09-06,SKU010,19,21.892811103475424
2025-09-07,SKU010,19,20.644374210391234
2025-09-08,SKU010,16,14.400388706899395
2025-09-09,SKU010,11,14.436019320461192
2025-09-10,SKU010,12,14.545897266595489
2025-09-11,SKU010,11,14.516980390268136
2025-09-12,SKU010,11,13.762932738102764
2025-09-13,SKU010,13,20.182798987096067
2025-09-14,SKU010,18,19.590029979687746
2025-09-15,SKU010,15,13.164159526984818
2025-09-16,SKU010,12,13.300409849145886
2025-09-17,SKU010,12,12.964762104026683
2025-09-18,SKU010,15,13.19105295017804
2025-09-19,SKU010,22,13.78943014136474
2025-09-20,SKU010,16,21.27930642864044
2025-09-21,SKU010,22,20.315894962735264
2025-09-22,SKU010,9,14.36292452080806
2025-09-23,SKU010,14,13.235720023475421
2025-09-24,SKU010,17,13.92153768098597
2025-09-25,SKU010,13,14.439236146253956
2025-09-26,SKU010,15,14.68894636260285
2025-09-27,SKU010,15,20.59779419597922
2025-09-28,SKU010,17,19.94488203038496
2025-09-29,SKU010,9,14.043591359784486
2025-09-30,SKU010,7,13.343581286637864
2025-10-01,SKU010,17,12.74138179864122
2025-10-02,SKU010,17,12.897375212121418
2025-10-03,SKU010,7,13.461102304233876
2025-10-04,SKU010,12,12.857352156880985
2025-10-05,SKU010,10,13.83703256834548
2025-10-06,SKU010,17,13.643037181443676
2025-10-07,SKU010,17,14.057380346782768
2025-10-08,SKU010,5,12.946534835851416
2025-10-09,SKU010,7,12.707953712547813
2025-10-10,SKU010,9,14.877882436464622
2025-10-11,SKU010,13,14.38520457964087
2025-10-12,SKU010,15,14.072589761143384
2025-10-13,SKU010,9,12.067592334724656
2025-10-14,SKU010,15,12.340779592673172
2025-10-15,SKU010,16,13.075240922830162
2025-10-16,SKU010,17,12.701033358640142
2025-10-17,SKU010,14,14.493831675460502
2025-10-18,SKU010,9,13.594417546071519
2025-10-19,SKU010,16,13.608154492508806
2025-10-20,SKU010,11,12.064351806199825
2025-10-21,SKU010,7,11.926894010057723
2025-10-22,SKU010,11,11.652492168873849
2025-10-23,SKU010,13,11.96284331957564
2025-10-24,SKU010,15,12.276145280417493
2025-10-25,SKU010,15,14.693583632906673
2025-10-26,SKU010,14,12.844567738169781
2025-10-27,SKU010,14,11.179460386943571
2025-10-28,SKU010,23,11.025237173177697
2025-10-29,SKU010,19,12.841935262701464
2025-10-30,SKU010,10,12.833280026829026
2025-10-31,SKU010,17,10.94884645109124
2025-11-01,SKU010,17,19.17305383639976
2025-11-02,SKU010,20,18.964999470163356
2025-11-03,SKU010,15,15.151958599292078
2025-11-04,SKU010,12,15.215489833537262
2025-11-05,SKU010,9,11.860665484621313
2025-11-06,SKU010,15,13.84899502483719
2025-11-07,SKU010,9,13.112125775446437
2025-11-08,SKU010,15,20.244359916128804
2025-11-09,SKU010,16,19.08576703896188
2025-11-10,SKU010,7,13.274735173757133
2025-11-11,SKU010,17,12.812982679653699
2025-11-12,SKU010,11,14.169957245359079
2025-11-13,SKU010,17,13.590131535843977
2025-11-14,SKU010,10,14.529269855617768
2025-11-15,SKU010,20,20.873951763695835
2025-11-16,SKU010,23,18.878048285791223
2025-11-17,SKU010,12,14.086068073827143
2025-11-18,SKU010,11,14.036691340781715
2025-11-19,SKU010,19,13.714597202908433
2025-11-20,SKU010,11,14.200791160199923
2025-11-21,SKU010,7,13.97361845115062
2025-11-22,SKU010,26,21.431843984673982
2025-11-23,SKU010,16,20.136575025567176
2025-11-24,SKU010,8,14.307481633839519
2025-11-25,SKU010,18,13.549272914330798
2025-11-26,SKU010,11,14.013794171907081
2025-11-27,SKU010,12,13.228590859311987
2025-11-28,SKU010,14,13.689531128439079
2025-11-29,SKU010,17,20.205441686332993
2025-11-30,SKU010,24,18.63878028177917
2025-12-01,SKU010,7,14.289435062186882
2025-12-02,SKU010,14,13.387176141343746
2025-12-03,SKU010,24,13.754074575123168
2025-12-04,SKU010,18,14.515312683507323
2025-12-05,SKU010,20,14.142146532364002
2025-12-06,SKU010,18,15.056982692750296
2025-12-07,SKU010,25,15.055387249800138
2025-12-08,SKU010,12,14.832999603449203
2025-12-09,SKU010,15,14.551463153072657
2025-12-10,SKU010,17,15.906392011208812
2025-12-11,SKU010,16,14.940676074445589
2025-12-12,SKU010,8,14.749164124592994
2025-12-13,SKU010,20,14.233104366941827
2025-12-14,SKU010,20,14.668114049767194
2025-12-15,SKU010,14,14.822152050472022
2025-12-16,SKU010,8,14.537952942173355
2025-12-17,SKU010,15,14.491942939529928
2025-12-18,SKU010,16,14.47200041471177
2025-12-19,SKU010,7,14.675838788126894
2025-12-20,SKU010,19,13.675448864393765
2025-12-21,SKU010,23,14.582931101337167
2025-12-22,SKU010,10,14.791700771348578
2025-12-23,SKU010,13,14.219969990826234
2025-12-24,SKU010,20,14.542968730993305
2025-12-25,SKU010,11,14.396426678133123
2025-12-26,SKU010,13,14.660606038788252
2025-12-27,SKU010,19,14.591724332743292
2025-12-28,SKU010,16,15.015221169591022
2025-12-29,SKU010,18,14.884772967027237
2025-12-30,SKU010,11,14.786920548234855
2025-12-31,SKU010,18,14.740248360758748
2025-08-13,SKU011,0,3.0445723641888702
2025-08-14,SKU011,1,2.590416331992012
2025-08-15,SKU011,0,3.0809926142337947
2025-08-16,SKU011,3,2.5559336371902304
2025-08-17,SKU011,1,2.6229757806161182
2025-08-18,SKU011,4,2.4071701538395005
2025-08-19,SKU011,1,2.6322176281762766
2025-08-20,SKU011,5,2.3335262083533417
2025-08-21,SKU011,3,2.2972333252654438
2025-08-22,SKU011,4,2.534660761643029
2025-08-23,SKU011,4,2.664373184988973
2025-08-24,SKU011,3,2.7518947265761557
2025-08-25,SKU011,4,2.4288786996702707
2025-08-26,SKU011,0,2.5328320634113393
2025-08-27,SKU011,3,2.8527339351832683
2025-08-28,SKU011,0,2.705775789077828
2025-08-29,SKU011,1,2.625280094664305
2025-08-30,SKU011,0,2.5885210625296424
2025-08-31,SKU011,3,2.6969445520663946
2025-09-01,SKU011,1,2.450468502037308
2025-09-02,SKU011,5,2.179459711558346
2025-09-03,SKU011,3,2.4922996384428093
2025-09-04,SKU011,2,2.056636169894077
2025-09-05,SKU011,2,2.3029909529187678
2025-09-06,SKU011,0,3.969614376282327
2025-09-07,SKU011,3,2.983979887623325
2025-09-08,SKU011,2,1.9905197417887914
2025-09-09,SKU011,1,2.373879687226607
2025-09-10,SKU011,1,2.5287500757110757
2025-09-11,SKU011,2,2.0734541576288574
2025-09-12,SKU011,3,2.3173290548915935
2025-09-13,SKU011,4,4.583229779300108
2025-09-14,SKU011,3,2.8784382517456364
2025-09-15,SKU011,1,1.9589919039618768
2025-09-16,SKU011,1,2.074333353855371
2025-09-17,SKU011,2,2.136567439283642
2025-09-18,SKU011,4,2.1381026691678198
2025-09-19,SKU011,2,2.6778469461981262
2025-09-20,SKU011,2,3.885247176942146
2025-09-21,SKU011,4,3.5094677534895515
2025-09-22,SKU011,3,2.150162392922859
2025-09-23,SKU011,1,2.1449660541800553
2025-09-24,SKU011,1,2.2616897553344715
2025-09-25,SKU011,1,2.539713064017051
2025-09-26,SKU011,0,2.076326665786458
2025-09-27,SKU011,4,4.077957067366814
2025-09-28,SKU011,1,3.3785342058328247
2025-09-29,SKU011,4,2.8007584939861316
2025-09-30,SKU011,1,2.1035098338265694
2025-10-01,SKU011,3,1.7764729273139204
2025-10-02,SKU011,4,1.6362625597493885
2025-10-03,SKU011,8,2.08715349265982
2025-10-04,SKU011,4,2.726026952498454
2025-10-05,SKU011,4,2.7465022453463153
2025-10-06,SKU011,3,1.9784008268423647
2025-10-07,SKU011,4,2.966079091190013
2025-10-08,SKU011,2,2.538321858951441
2025-10-09,SKU011,0,2.200717269231691
2025-10-10,SKU011,3,2.211064538799602
2025-10-11,SKU011,2,2.411492314941559
2025-10-12,SKU011,2,2.2186701371104824
2025-10-13,SKU011,1,2.1981554237191925
2025-10-14,SKU011,0,2.2635156093567854
2025-10-15,SKU011,1,2.3519427446439636
2025-10-16,SKU011,4,2.2607100763948234
2025-10-17,SKU011,1,2.435793811721484
2025-10-18,SKU011,2,2.226327028426265
2025-10-19,SKU011,2,2.5742860945761183
2025-10-20,SKU011,1,2.2028086276219123
2025-10-21,SKU011,0,2.055123722063628
2025-10-22,SKU011,3,2.2308042290222843
2025-10-23,SKU011,3,2.329971674915319
2025-10-24,SKU011,4,2.3101795577763498
2025-10-25,SKU011,5,2.2900685445124487
2025-10-26,SKU011,2,2.5222820501255847
2025-10-27,SKU011,4,1.8158194765777969
2025-10-28,SKU011,3,2.255436682297587
2025-10-29,SKU011,3,2.584454522588268
2025-10-30,SKU011,2,2.4695049561526745
2025-10-31,SKU011,2,2.5852144801106203
2025-11-01,SKU011,3,2.8403929687483997
2025-11-02,SKU011,2,2.6437368752690973
2025-11-03,SKU011,1,2.149823974194213
2025-11-04,SKU011,3,2.609578080187756
2025-11-05,SKU011,2,2.542898288473537
2025-11-06,SKU011,2,2.013197999594883
2025-11-07,SKU011,7,2.3718767912832
2025-11-08,SKU011,2,2.646178436635945
2025-11-09,SKU011,2,2.662869270651493
2025-11-10,SKU011,3,2.055694600092294
2025-11-11,SKU011,2,2.810328282131418
2025-11-12,SKU011,3,2.53813250947871
2025-11-13,SKU011,4,2.3689675585170553
2025-11-14,SKU011,5,2.4355851034521785
2025-11-15,SKU011,6,3.6837415190601432
2025-11-16,SKU011,2,3.4443525610618235
2025-11-17,SKU011,1,1.8395588344901281
2025-11-18,SKU011,2,2.2163943117479725
2025-11-19,SKU011,2,2.51096743464227
2025-11-20,SKU011,0,2.3078486453626
2025-11-21,SKU011,0,2.5962571485952486
2025-11-22,SKU011,3,3.727534596889011
2025-11-23,SKU011,1,4.251553601120295
2025-11-24,SKU011,1,2.0602894139120473
2025-11-25,SKU011,1,2.3220429637066347
2025-11-26,SKU011,2,2.353287789637692
2025-11-27,SKU011,1,2.227050058976186
2025-11-28,SKU011,2,2.4730124505591897
2025-11-29,SKU011,6,4.044767081579303
2025-11-30,SKU011,2,4.96747532772368
2025-12-01,SKU011,4,2.2510719744717416
2025-12-02,SKU011,3,2.3329395003838105
2025-12-03,SKU011,6,2.5750860870486907
2025-12-04,SKU011,0,2.399470979237782
2025-12-05,SKU011,2,2.6451598747363794
2025-12-06,SKU011,2,2.5027230848034687
2025-12-07,SKU011,0,3.0049620129804584
2025-12-08,SKU011,3,2.06367589929331
2025-12-09,SKU011,1,2.7429927299146737
2025-12-10,SKU011,3,2.452386736112067
2025-12-11,SKU011,6,2.291244833671841
2025-12-12,SKU011,3,2.539379016409456
2025-12-13,SKU011,2,2.622613090900736
2025-12-14,SKU011,5,2.7959014096741854
2025-12-15,SKU011,3,2.8479157340576937
2025-12-16,SKU011,2,2.7151866643302895
2025-12-17,SKU011,5,2.9030549718829093
2025-12-18,SKU011,3,3.0211454585282196
2025-12-19,SKU011,1,2.603427412494262
2025-12-20,SKU011,2,2.5391797743349755
2025-12-21,SKU011,2,2.170091932951845
2025-12-22,SKU011,1,2.6694126006770147
2025-12-23,SKU011,0,2.3287313210605123
2025-12-24,SKU011,5,2.295930395956709
2025-12-25,SKU011,5,2.513320604028485
2025-12-26,SKU011,5,2.591497044173858
2025-12-27,SKU011,3,3.031892192460199
2025-12-28,SKU011,3,2.888590824788331
2025-12-29,SKU011,1,2.1132977781920133
2025-12-30,SKU011,0,2.275862437774648
2025-12-31,SKU011,2,2.4409682201068597
2025-08-13,SKU012,18,20.926051706482898
2025-08-14,SKU012,30,21.497219023054775
2025-08-15,SKU012,22,21.518924972884378
2025-08-16,SKU012,32,25.303744611711526
2025-08-17,SKU012,29,25.51006510920125
2025-08-18,SKU012,15,20.651338380549873
2025-08-19,SKU012,31,21.22241189961433
2025-08-20,SKU012,28,20.544978967302722
2025-08-21,SKU012,28,21.64111337557943
2025-08-22,SKU012,22,20.875263083830056
2025-08-23,SKU012,29,24.810686292810047
2025-08-24,SKU012,25,24.937152121047987
2025-08-25,SKU012,27,21.004404116437303
2025-08-26,SKU012,24,21.671202271858984
2025-08-27,SKU012,19,20.901102411990177
2025-08-28,SKU012,24,21.40282628708492
2025-08-29,SKU012,25,22.21651955792535
2025-08-30,SKU012,26,24.648472832774342
2025-08-31,SKU012,26,25.186965840857077
2025-09-01,SKU012,14,21.690050202809715
2025-09-02,SKU012,20,22.132450106565926
2025-09-03,SKU012,19,22.25694648343163
2025-09-04,SKU012,29,21.666297352000594
2025-09-05,SKU012,29,21.920121148352706
2025-09-06,SKU012,37,29.353855441667523
2025-09-07,SKU012,32,36.15765229154514
2025-09-08,SKU012,13,20.642044314239882
2025-09-09,SKU012,17,21.168061463780187
2025-09-10,SKU012,16,21.2119357572291
2025-09-11,SKU012,24,22.399516909880116
2025-09-12,SKU012,22,22.007917505987226
2025-09-13,SKU012,35,29.059540848458543
2025-09-14,SKU012,33,27.86644207334203
2025-09-15,SKU012,21,22.300533506311826
2025-09-16,SKU012,20,21.858199128563133
2025-09-17,SKU012,25,21.680851030758603
2025-09-18,SKU012,17,20.734273900834367
2025-09-19,SKU012,24,21.396560206719514
2025-09-20,SKU012,33,30.825493877690427
2025-09-21,SKU012,31,31.426633023868806
2025-09-22,SKU012,17,21.51867116965569
2025-09-23,SKU012,25,21.830312110574823
2025-09-24,SKU012,17,21.672840772955595
2025-09-25,SKU012,18,21.377562441736483
2025-09-26,SKU012,18,21.579407035641626
2025-09-27,SKU012,26,28.048714173074657
2025-09-28,SKU012,29,29.472332724904604
2025-09-29,SKU012,13,21.96065355321129
2025-09-30,SKU012,20,21.165248217010358
2025-10-01,SKU012,20,20.90198472099613
2025-10-02,SKU012,22,19.86543665817871
2025-10-03,SKU012,23,21.445712046970183
2025-10-04,SKU012,25,23.9039989612122
2025-10-05,SKU012,13,24.03892406325425
2025-10-06,SKU012,21,20.238921621299212
2025-10-07,SKU012,15,19.44408390272903
2025-10-08,SKU012,16,20.062095087932178
2025-10-09,SKU012,19,19.52180506920966
2025-10-10,SKU012,26,18.814200885063908
2025-10-11,SKU012,23,24.313692940800387
2025-10-12,SKU012,20,22.037180562350002
2025-10-13,SKU012,21,20.072049189502028
2025-10-14,SKU012,22,20.42970640566451
2025-10-15,SKU012,15,20.288208223900696
2025-10-16,SKU012,13,20.019992369863054
2025-10-17,SKU012,18,20.030412526256494
2025-10-18,SKU012,23,21.428800423957078
2025-10-19,SKU012,16,20.84807901366632
2025-10-20,SKU012,23,17.679646157564978
2025-10-21,SKU012,15,17.827185432556487
2025-10-22,SKU012,26,17.554636369077468
2025-10-23,SKU012,15,17.947323014501535
2025-10-24,SKU012,18,18.02412978145615
2025-10-25,SKU012,16,20.078820541370934
2025-10-26,SKU012,28,20.52443922087738
2025-10-27,SKU012,23,17.90310501114907
2025-10-28,SKU012,13,17.35615296610213
2025-10-29,SKU012,19,17.75775262228024
2025-10-30,SKU012,19,17.738982089590127
2025-10-31,SKU012,15,18.245177333969874
2025-11-01,SKU012,25,28.363450069107365
2025-11-02,SKU012,37,27.36461340482233
2025-11-03,SKU012,13,18.61267053594
2025-11-04,SKU012,22,18.47510341578974
2025-11-05,SKU012,20,18.6824571504055
2025-11-06,SKU012,23,17.955770649236552
2025-11-07,SKU012,11,17.74578362980881
2025-11-08,SKU012,35,27.97400849610413
2025-11-09,SKU012,31,30.66755035804865
2025-11-10,SKU012,24,18.933343227355635
2025-11-11,SKU012,30,18.942235842808007
2025-11-12,SKU012,23,19.73691947991772
2025-11-13,SKU012,6,19.870851105610026
2025-11-14,SKU012,20,20.853062999163274
2025-11-15,SKU012,26,29.81829512826292
2025-11-16,SKU012,34,29.806304857866238
2025-11-17,SKU012,18,20.17033664276829
2025-11-18,SKU012,13,20.278251882196297
2025-11-19,SKU012,13,20.02454699329134
2025-11-20,SKU012,28,20.87118600673466
2025-11-21,SKU012,14,19.866320914795345
2025-11-22,SKU012,33,31.130202904349083
2025-11-23,SKU012,36,31.165380568723847
2025-11-24,SKU012,18,20.755846256272502
2025-11-25,SKU012,20,20.933083177964818
2025-11-26,SKU012,23,20.738673007662523
2025-11-27,SKU012,19,19.95577627209799
2025-11-28,SKU012,25,20.649532054706675
2025-11-29,SKU012,31,31.627300451981554
2025-11-30,SKU012,25,32.1987893474989
2025-12-01,SKU012,23,21.202994649673723
2025-12-02,SKU012,23,21.079061405534844
2025-12-03,SKU012,22,20.851783106503266
2025-12-04,SKU012,24,21.037690215740046
2025-12-05,SKU012,27,21.167236856279906
2025-12-06,SKU012,22,24.697373987735705
2025-12-07,SKU012,26,25.60093113179542
2025-12-08,SKU012,24,20.78015669526433
2025-12-09,SKU012,20,20.775316548419934
2025-12-10,SKU012,17,20.738645362267402
2025-12-11,SKU012,16,20.6283222915857
2025-12-12,SKU012,13,20.430223455335497
2025-12-13,SKU012,32,25.818113942905224
2025-12-14,SKU012,33,24.913586823894438
2025-12-15,SKU012,18,20.557332132232233
2025-12-16,SKU012,28,21.420721188869297
2025-12-17,SKU012,18,21.252078956707848
2025-12-18,SKU012,19,21.166702213198892
2025-12-19,SKU012,29,21.482313169008286
2025-12-20,SKU012,32,24.272812833568338
2025-12-21,SKU012,27,24.751591265275543
2025-12-22,SKU012,24,21.40095608293072
2025-12-23,SKU012,19,20.559106241458995
2025-12-24,SKU012,17,21.091848065417675
2025-12-25,SKU012,28,21.23629578343304
2025-12-26,SKU012,21,21.091200202606878
2025-12-27,SKU012,16,24.372705841673643
2025-12-28,SKU012,25,24.845127312245136
2025-12-29,SKU012,19,21.718566150529323
2025-12-30,SKU012,26,20.5088869919837
2025-12-31,SKU012,26,21.055849157081855
2025-08-13,SKU013,16,11.320717522186975
2025-08-14,SKU013,18,11.96431788969022
2025-08-15,SKU013,11,12.148489635878882
2025-08-16,SKU013,19,13.371080291249795
2025-08-17,SKU013,17,13.507103110524108
2025-08-18,SKU013,13,10.819011977581845
2025-08-19,SKU013,14,11.410148144206815
2025-08-20,SKU013,11,11.261961444232336
2025-08-21,SKU013,14,11.651435779717517
2025-08-22,SKU013,14,11.90211208283598
2025-08-23,SKU013,11,13.7734688020118
2025-08-24,SKU013,19,13.627989233044264
2025-08-25,SKU013,9,11.754885688097332
2025-08-26,SKU013,13,11.781076001738313
2025-08-27,SKU013,8,11.644452485239468
2025-08-28,SKU013,5,11.525099564593289
2025-08-29,SKU013,16,11.882350568501828
2025-08-30,SKU013,26,14.170721103143018
2025-08-31,SKU013,7,14.82034479913281
2025-09-01,SKU013,14,11.37702069242458
2025-09-02,SKU013,18,11.28814024757857
2025-09-03,SKU013,12,12.260769414786973
2025-09-04,SKU013,9,12.851582075452239
2025-09-05,SKU013,10,11.903464497082675
2025-09-06,SKU013,17,14.491858336721497
2025-09-07,SKU013,19,17.908711615528514
2025-09-08,SKU013,13,12.147962284553044
2025-09-09,SKU013,11,12.474897895316623
2025-09-10,SKU013,17,12.410274086796832
2025-09-11,SKU013,10,13.245506305260962
2025-09-12,SKU013,17,11.865033768708688
2025-09-13,SKU013,20,20.775125435465323
2025-09-14,SKU013,17,18.623271156665986
2025-09-15,SKU013,10,12.267372812907281
2025-09-16,SKU013,13,11.933327840484592
2025-09-17,SKU013,10,12.004077475810755
2025-09-18,SKU013,6,12.296112446159379
2025-09-19,SKU013,11,11.732835211603017
2025-09-20,SKU013,20,16.897233931610355
2025-09-21,SKU013,12,18.14129387655721
2025-09-22,SKU013,13,11.581491588923573
2025-09-23,SKU013,8,11.590198203061142
2025-09-24,SKU013,8,11.74087634662787
2025-09-25,SKU013,10,11.834663795357848
2025-09-26,SKU013,12,12.028582956444932
2025-09-27,SKU013,13,16.892363327919625
2025-09-28,SKU013,18,15.95984525960823
2025-09-29,SKU013,19,11.469242866660279
2025-09-30,SKU013,16,11.474458531505912
2025-10-01,SKU013,15,12.044235268382925
2025-10-02,SKU013,10,11.76567944839539
2025-10-03,SKU013,11,11.625296474016928
2025-10-04,SKU013,14,14.676203818369748
2025-10-05,SKU013,11,14.46521949321717
2025-10-06,SKU013,17,11.604109275139106
2025-10-07,SKU013,10,11.75659674271373
2025-10-08,SKU013,14,11.302485299851128
2025-10-09,SKU013,13,11.606224056945443
2025-10-10,SKU013,10,11.466128177703474
2025-10-11,SKU013,15,13.509448612589672
2025-10-12,SKU013,8,14.019731130100219
2025-10-13,SKU013,9,11.302711696095532
2025-10-14,SKU013,12,11.268853088823814
2025-10-15,SKU013,8,11.776614952571633
2025-10-16,SKU013,6,11.704737316231382
2025-10-17,SKU013,6,11.358396749658507
2025-10-18,SKU013,11,14.352223649276203
2025-10-19,SKU013,9,12.383862275265729
2025-10-20,SKU013,9,11.07304676847127
2025-10-21,SKU013,14,10.628277898336647
2025-10-22,SKU013,10,10.625227214150607
2025-10-23,SKU013,6,11.268185903774693
2025-10-24,SKU013,8,10.396072369609728
2025-10-25,SKU013,12,13.307063122688994
2025-10-26,SKU013,10,12.481142561139945
2025-10-27,SKU013,8,10.955848054419796
2025-10-28,SKU013,5,10.120138592129809
2025-10-29,SKU013,11,9.97435452463432
2025-10-30,SKU013,11,10.454236392746914
2025-10-31,SKU013,9,10.42311514065907
2025-11-01,SKU013,16,13.9751228285032
2025-11-02,SKU013,19,14.555757080896369
2025-11-03,SKU013,10,10.393913248890074
2025-11-04,SKU013,8,10.311430951891062
2025-11-05,SKU013,11,9.863901737229833
2025-11-06,SKU013,13,9.472758667752352
2025-11-07,SKU013,13,9.633705926255697
2025-11-08,SKU013,15,15.337302935401135
2025-11-09,SKU013,14,15.340208348615372
2025-11-10,SKU013,12,9.686329064261306
2025-11-11,SKU013,11,10.761956788113412
2025-11-12,SKU013,14,10.238207530738503
2025-11-13,SKU013,15,10.796648034469422
2025-11-14,SKU013,6,10.772386261162668
2025-11-15,SKU013,18,14.400845179590533
2025-11-16,SKU013,13,14.577635270603473
2025-11-17,SKU013,12,10.803403641239086
2025-11-18,SKU013,8,10.378276508010627
2025-11-19,SKU013,10,10.822196042478504
2025-11-20,SKU013,11,10.83398968939971
2025-11-21,SKU013,11,10.527752736995033
2025-11-22,SKU013,18,16.805896652637298
2025-11-23,SKU013,10,17.33972486372228
2025-11-24,SKU013,16,11.283604861424642
2025-11-25,SKU013,15,11.020034161708852
2025-11-26,SKU013,15,11.405186243639047
2025-11-27,SKU013,7,11.738602695631197
2025-11-28,SKU013,6,11.848143093010576
2025-11-29,SKU013,14,17.1373285640216
2025-11-30,SKU013,22,17.698699840472234
2025-12-01,SKU013,5,11.78430607983598
2025-12-02,SKU013,10,11.494044916508694
2025-12-03,SKU013,12,11.978129654001332
2025-12-04,SKU013,15,11.115869137620765
2025-12-05,SKU013,14,11.30617858036612
2025-12-06,SKU013,9,14.597457916274877
2025-12-07,SKU013,13,13.466970307589643
2025-12-08,SKU013,8,10.618205710545316
2025-12-09,SKU013,10,11.292636466551464
2025-12-10,SKU013,21,11.739910003476423
2025-12-11,SKU013,8,11.632122288332042
2025-12-12,SKU013,18,12.194193803651238
2025-12-13,SKU013,21,14.758950825997584
2025-12-14,SKU013,21,14.442792818348885
2025-12-15,SKU013,14,11.109457120340142
2025-12-16,SKU013,14,12.063072702149881
2025-12-17,SKU013,16,13.238020140697271
2025-12-18,SKU013,9,12.474031385828294
2025-12-19,SKU013,13,12.151164943889576
2025-12-20,SKU013,18,15.221806829556648
2025-12-21,SKU013,12,15.370410438325827
2025-12-22,SKU013,12,11.922562850310419
2025-12-23,SKU013,8,12.07561409861672
2025-12-24,SKU013,8,11.426053343578102
2025-12-25,SKU013,7,11.773127840799754
2025-12-26,SKU013,7,11.758463121724157
2025-12-27,SKU013,17,13.380758890539777
2025-12-28,SKU013,12,13.167471788588072
2025-12-29,SKU013,7,10.996227900761436
2025-12-30,SKU013,9,11.865524245648615
2025-12-31,SKU013,11,11.854941542089565
2025-08-13,SKU014,18,17.32436655208369
2025-08-14,SKU014,17,16.91865120964792
2025-08-15,SKU014,12,18.119763304905334
2025-08-16,SKU014,22,19.86338044378638
2025-08-17,SKU014,23,19.635041704486838
2025-08-18,SKU014,16,16.989089768293955
2025-08-19,SKU014,18,17.279267219813484
2025-08-20,SKU014,20,17.36593639046422
2025-08-21,SKU014,25,17.364872913264055
2025-08-22,SKU014,15,17.262317678197736
2025-08-23,SKU014,12,19.16629224104299
2025-08-24,SKU014,25,16.18305227091678
2025-08-25,SKU014,18,17.122149357260522
2025-08-26,SKU014,32,17.76755394611267
2025-08-27,SKU014,15,17.825138038163836
2025-08-28,SKU014,18,17.459764157924933
2025-08-29,SKU014,19,17.421145960760033
2025-08-30,SKU014,28,17.764056277801405
2025-08-31,SKU014,27,20.975759517956156
2025-09-01,SKU014,12,19.018348718149916
2025-09-02,SKU014,18,18.035111822102806
2025-09-03,SKU014,13,17.341569770134164
2025-09-04,SKU014,26,17.624483810249334
2025-09-05,SKU014,20,17.9114892359136
2025-09-06,SKU014,20,26.633508191853835
2025-09-07,SKU014,18,27.368812021405382
2025-09-08,SKU014,22,17.020852050936078
2025-09-09,SKU014,23,17.885459911150413
2025-09-10,SKU014,22,17.301636161073837
2025-09-11,SKU014,20,17.75279603698772
2025-09-12,SKU014,18,17.955820056187235
2025-09-13,SKU014,23,27.216120297790017
2025-09-14,SKU014,23,25.862391902989646
2025-09-15,SKU014,15,17.42342256558232
2025-09-16,SKU014,13,17.585521845990304
2025-09-17,SKU014,21,17.665703418483123
2025-09-18,SKU014,25,17.743402781183725
2025-09-19,SKU014,16,17.73376753276098
2025-09-20,SKU014,25,28.096952379776802
2025-09-21,SKU014,25,26.72743319389084
2025-09-22,SKU014,15,17.624611458471318
2025-09-23,SKU014,18,17.445972673528175
2025-09-24,SKU014,14,17.605286212951327
2025-09-25,SKU014,19,17.816042640657432
2025-09-26,SKU014,17,17.89825025291354
2025-09-27,SKU014,29,28.02886027750614
2025-09-28,SKU014,20,28.20840136262809
2025-09-29,SKU014,17,17.413945748974392
2025-09-30,SKU014,18,17.577417064442894
2025-10-01,SKU014,19,17.438398351399968
2025-10-02,SKU014,18,17.504137746911404
2025-10-03,SKU014,16,17.834811096769897
2025-10-04,SKU014,12,19.725116646676526
2025-10-05,SKU014,23,19.934413439704265
2025-10-06,SKU014,15,17.53478148994771
2025-10-07,SKU014,21,17.43834564689445
2025-10-08,SKU014,17,17.36178747957083
2025-10-09,SKU014,18,17.38823370952307
2025-10-10,SKU014,13,17.635760960402628
2025-10-11,SKU014,24,20.37492489777705
2025-10-12,SKU014,14,20.716132423563927
2025-10-13,SKU014,23,17.594100808861686
2025-10-14,SKU014,20,17.69825040559486
2025-10-15,SKU014,12,17.22477112578939
2025-10-16,SKU014,15,17.688603446678698
2025-10-17,SKU014,23,17.526696956829305
2025-10-18,SKU014,17,19.858535716219034
2025-10-19,SKU014,10,18.369716359449953
2025-10-20,SKU014,19,16.97649234571809
2025-10-21,SKU014,15,16.59044439208375
2025-10-22,SKU014,21,16.938030686397585
2025-10-23,SKU014,18,17.153553465355497
2025-10-24,SKU014,22,16.8350922764203
2025-10-25,SKU014,19,16.640407398771295
2025-10-26,SKU014,19,17.057931422102328
2025-10-27,SKU014,21,16.70696094344534
2025-10-28,SKU014,18,17.001224489935844
2025-10-29,SKU014,14,17.256156228775072
2025-10-30,SKU014,19,17.104978040031266
2025-10-31,SKU014,14,17.34001489200356
2025-11-01,SKU014,25,24.824938927181147
2025-11-02,SKU014,16,25.27064349229873
2025-11-03,SKU014,13,16.427705152072832
2025-11-04,SKU014,19,16.87155472906034
2025-11-05,SKU014,11,17.583302843148104
2025-11-06,SKU014,13,16.958908778437227
2025-11-07,SKU014,18,16.213174953535354
2025-11-08,SKU014,18,23.852081420871805
2025-11-09,SKU014,25,24.135958539571376
2025-11-10,SKU014,16,16.936203092934722
2025-11-11,SKU014,17,16.83082156739855
2025-11-12,SKU014,13,16.985701855384672
2025-11-13,SKU014,21,16.759543906647
2025-11-14,SKU014,16,16.723320819709933
2025-11-15,SKU014,24,23.848617992285067
2025-11-16,SKU014,23,23.241484899486274
2025-11-17,SKU014,25,16.620386895668133
2025-11-18,SKU014,11,17.560361110899997
2025-11-19,SKU014,18,17.125552113400477
2025-11-20,SKU014,19,17.14045430045071
2025-11-21,SKU014,10,17.11486797136143
2025-11-22,SKU014,29,22.82388991493089
2025-11-23,SKU014,18,25.022467284087615
2025-11-24,SKU014,14,16.668632545724808
2025-11-25,SKU014,17,17.884488917713284
2025-11-26,SKU014,23,16.981074074357934
2025-11-27,SKU014,18,16.80374467809791
2025-11-28,SKU014,21,17.68093949368922
2025-11-29,SKU014,22,24.464946969994976
2025-11-30,SKU014,36,25.182721962078432
2025-12-01,SKU014,16,18.247552115250745
2025-12-02,SKU014,20,19.60957450555712
2025-12-03,SKU014,11,19.43325174282786
2025-12-04,SKU014,15,19.221501827434228
2025-12-05,SKU014,23,18.851861945257756
2025-12-06,SKU014,20,19.757008662267815
2025-12-07,SKU014,19,20.465511172669267
2025-12-08,SKU014,14,19.15786428459921
2025-12-09,SKU014,16,18.997059374147693
2025-12-10,SKU014,15,17.6556578212889
2025-12-11,SKU014,24,19.084981222779145
2025-12-12,SKU014,20,18.983795611837962
2025-12-13,SKU014,21,21.46017671918847
2025-12-14,SKU014,27,21.730426984734013
2025-12-15,SKU014,26,19.417554348202156
2025-12-16,SKU014,12,19.831192442713597
2025-12-17,SKU014,9,19.85080024494674
2025-12-18,SKU014,14,18.668736277319756
2025-12-19,SKU014,16,18.996414833225224
2025-12-20,SKU014,23,21.586148142531844
2025-12-21,SKU014,16,22.47273652450342
2025-12-22,SKU014,22,17.731764455831318
2025-12-23,SKU014,19,18.919160779896526
2025-12-24,SKU014,15,18.11269883550373
2025-12-25,SKU014,12,19.241940366002257
2025-12-26,SKU014,16,17.939818863568682
2025-12-27,SKU014,20,22.599790583502198
2025-12-28,SKU014,18,22.980325483147556
2025-12-29,SKU014,11,16.3187390301735
2025-12-30,SKU014,18,16.407633471198853
2025-12-31,SKU014,22,16.559458130683176
2025-08-13,SKU015,4,3.355962446456898
2025-08-14,SKU015,3,3.3890690279451015
2025-08-15,SKU015,5,3.3813996436386384
2025-08-16,SKU015,4,3.846633087935544
2025-08-17,SKU015,5,3.450348434486532
2025-08-18,SKU015,3,3.6478977989136308
2025-08-19,SKU015,4,3.215082336972398
2025-08-20,SKU015,3,3.2327953550382063
2025-08-21,SKU015,2,3.3891449872618535
2025-08-22,SKU015,7,3.337799311099449
2025-08-23,SKU015,3,3.558100584191024
2025-08-24,SKU015,4,3.6687917609834257
2025-08-25,SKU015,2,3.4098096339713195
2025-08-26,SKU015,1,3.2333900062671344
2025-08-27,SKU015,6,3.0564784273313275
2025-08-28,SKU015,1,3.331860260905748
2025-08-29,SKU015,8,3.532229482831996
2025-08-30,SKU015,6,4.374990110782957
2025-08-31,SKU015,4,3.5448779829674435
2025-09-01,SKU015,2,3.4876615788080674
2025-09-02,SKU015,2,3.336612589116987
2025-09-03,SKU015,2,3.2360418223069543
2025-09-04,SKU015,6,3.4227043187431083
2025-09-05,SKU015,3,3.6960531382005386
2025-09-06,SKU015,9,4.819465989715409
2025-09-07,SKU015,4,3.600622678203882
2025-09-08,SKU015,4,3.534228422955771
2025-09-09,SKU015,2,3.168870982263347
2025-09-10,SKU015,1,3.213996579131969
2025-09-11,SKU015,5,3.3347714524091505
2025-09-12,SKU015,5,3.281037473126932
2025-09-13,SKU015,2,4.684934603614608
2025-09-14,SKU015,5,3.969175036284872
2025-09-15,SKU015,1,3.3286577705454503
2025-09-16,SKU015,1,3.5770177987822067
2025-09-17,SKU015,3,3.572489064886525
2025-09-18,SKU015,2,3.4552516905685593
2025-09-19,SKU015,6,3.466216623535766
2025-09-20,SKU015,3,6.124491505913983
2025-09-21,SKU015,7,5.407484424177348
2025-09-22,SKU015,2,3.617222164874058
2025-09-23,SKU015,2,3.305868716026246
2025-09-24,SKU015,4,3.2545115254204506
2025-09-25,SKU015,6,3.372599868093572
2025-09-26,SKU015,4,3.2825446032842986
2025-09-27,SKU015,3,3.260483237362164
2025-09-28,SKU015,7,3.9132039649028
2025-09-29,SKU015,1,3.4939571445237867
2025-09-30,SKU015,2,3.3581113442753074
2025-10-01,SKU015,3,3.3466195370272214
2025-10-02,SKU015,4,3.3348395709353813
2025-10-03,SKU015,3,3.399502843209652
2025-10-04,SKU015,4,3.692965017849639
2025-10-05,SKU015,2,4.60985604215619
2025-10-06,SKU015,2,3.960158126323405
2025-10-07,SKU015,2,3.7802913841752184
2025-10-08,SKU015,4,3.7124764842883526
2025-10-09,SKU015,2,3.573837847569668
2025-10-10,SKU015,1,3.7622271618611274
2025-10-11,SKU015,2,2.9698080339625155
2025-10-12,SKU015,3,3.2258630202392795
2025-10-13,SKU015,2,1.6709427746035181
2025-10-14,SKU015,6,2.270747473001449
2025-10-15,SKU015,4,3.6183707959541374
2025-10-16,SKU015,2,3.7971293385576463
2025-10-17,SKU015,2,3.778814697680945
2025-10-18,SKU015,1,3.592377581418674
2025-10-19,SKU015,4,2.6697292800845167
2025-10-20,SKU015,4,1.8288858199827782
2025-10-21,SKU015,3,2.259572840442018
2025-10-22,SKU015,0,2.353908788249394
2025-10-23,SKU015,1,2.2427457580044616
2025-10-24,SKU015,4,2.4146722529148
2025-10-25,SKU015,6,2.4542498301357814
2025-10-26,SKU015,3,2.6438954335805636
2025-10-27,SKU015,0,2.153671736326311
2025-10-28,SKU015,4,2.654219432106664
2025-10-29,SKU015,2,2.235692913527754
2025-10-30,SKU015,0,2.220210366874437
2025-10-31,SKU015,1,2.5005472008197414
2025-11-01,SKU015,6,3.343365041825192
2025-11-02,SKU015,4,3.9392832397912887
2025-11-03,SKU015,0,1.8852296749674398
2025-11-04,SKU015,2,2.50790725103035
2025-11-05,SKU015,0,2.338067213921006
2025-11-06,SKU015,2,2.0770996250080436
2025-11-07,SKU015,2,2.427173040295666
2025-11-08,SKU015,4,3.428151297236448
2025-11-09,SKU015,3,3.3545123250407056
2025-11-10,SKU015,1,1.7753764105762821
2025-11-11,SKU015,3,2.126756435456272
2025-11-12,SKU015,4,2.2012491726961247
2025-11-13,SKU015,4,2.5117772307920903
2025-11-14,SKU015,7,2.6445660329804714
2025-11-15,SKU015,1,3.7475056247467715
2025-11-16,SKU015,4,3.396507630917168
2025-11-17,SKU015,8,2.0292944386272613
2025-11-18,SKU015,3,2.3797624836414717
2025-11-19,SKU015,2,2.1021252687915664
2025-11-20,SKU015,3,2.0109741222721844
2025-11-21,SKU015,1,2.547611660692075
2025-11-22,SKU015,4,4.2380234665161645
2025-11-23,SKU015,3,3.970215706790897
2025-11-24,SKU015,1,1.9817375635199506
2025-11-25,SKU015,2,2.67957207161319
2025-11-26,SKU015,4,2.2928296725158503
2025-11-27,SKU015,8,2.6259241052751094
2025-11-28,SKU015,2,3.042252852248869
2025-11-29,SKU015,9,3.9275372375368347
2025-11-30,SKU015,5,4.3335628267276185
2025-12-01,SKU015,2,3.859022052692114
2025-12-02,SKU015,2,3.4071004422693227
2025-12-03,SKU015,5,3.3685063280525513
2025-12-04,SKU015,3,3.595213608157768
2025-12-05,SKU015,5,3.7566551372888317
2025-12-06,SKU015,2,4.349559130676363
2025-12-07,SKU015,3,3.568648468620744
2025-12-08,SKU015,3,4.234353464450025
2025-12-09,SKU015,2,3.9338545563542753
2025-12-10,SKU015,7,3.7697972743052683
2025-12-11,SKU015,5,3.688385286660921
2025-12-12,SKU015,4,3.6889392697074044
2025-12-13,SKU015,7,3.7580718426477557
2025-12-14,SKU015,3,3.3114722249050574
2025-12-15,SKU015,3,3.442013061555451
2025-12-16,SKU015,1,3.431104551716059
2025-12-17,SKU015,4,3.534477808097317
2025-12-18,SKU015,4,3.697998489377211
2025-12-19,SKU015,1,3.7904966824578024
2025-12-20,SKU015,7,4.127950652842312
2025-12-21,SKU015,1,3.5103938051373804
2025-12-22,SKU015,2,4.2204200987512746
2025-12-23,SKU015,3,4.400655583521885
2025-12-24,SKU015,4,3.6512511329717
2025-12-25,SKU015,4,3.677955105163935
2025-12-26,SKU015,6,4.050456903803516
2025-12-27,SKU015,3,4.27844375405965
2025-12-28,SKU015,5,3.721206752728419
2025-12-29,SKU015,2,4.026485443249317
2025-12-30,SKU015,1,3.7386396222145843
2025-12-31,SKU015,4,3.664828791637823
2025-08-13,SKU016,15,11.42015241542648
2025-08-14,SKU016,8,11.588471181523749
2025-08-15,SKU016,10,12.073223156083554
2025-08-16,SKU016,17,12.72491873123826
2025-08-17,SKU016,18,13.618098384192281
2025-08-18,SKU016,18,10.708442926019561
2025-08-19,SKU016,13,11.452587185334897
2025-08-20,SKU016,12,11.59554127128796
2025-08-21,SKU016,10,12.080574841593481
2025-08-22,SKU016,15,11.685721102984349
2025-08-23,SKU016,13,13.16838018375464
2025-08-24,SKU016,9,13.268260012537779
2025-08-25,SKU016,4,10.97089369151196
2025-08-26,SKU016,13,11.38150673412292
2025-08-27,SKU016,10,11.758099296993061
2025-08-28,SKU016,12,11.906376401286721
2025-08-29,SKU016,17,12.16016824538504
2025-08-30,SKU016,15,12.895330307389166
2025-08-31,SKU016,14,14.293986360359765
2025-09-01,SKU016,5,10.25677005158012
2025-09-02,SKU016,7,11.198891691783821
2025-09-03,SKU016,9,11.61575223260953
2025-09-04,SKU016,14,11.712800622071581
2025-09-05,SKU016,9,12.104832402700012
2025-09-06,SKU016,12,16.24066017219312
2025-09-07,SKU016,10,14.746383469172534
2025-09-08,SKU016,12,11.7538449627924
2025-09-09,SKU016,11,10.93321496772676
2025-09-10,SKU016,9,11.598318928478097
2025-09-11,SKU016,5,11.612442328674122
2025-09-12,SKU016,12,10.93133582114806
2025-09-13,SKU016,17,15.913272103659638
2025-09-14,SKU016,12,15.100427920728453
2025-09-15,SKU016,11,11.142885307037334
2025-09-16,SKU016,9,10.879922060690166
2025-09-17,SKU016,8,11.125651540076838
2025-09-18,SKU016,9,10.929645184906839
2025-09-19,SKU016,9,10.1298619863086
2025-09-20,SKU016,16,13.179765102310112
2025-09-21,SKU016,14,13.551725024952898
2025-09-22,SKU016,11,10.905855751964333
2025-09-23,SKU016,7,10.992058618362517
2025-09-24,SKU016,11,10.74539763598395
2025-09-25,SKU016,12,11.255804566687665
2025-09-26,SKU016,9,11.146029369027385
2025-09-27,SKU016,9,14.348562753783328
2025-09-28,SKU016,19,14.483992976851962
2025-09-29,SKU016,11,9.400962996507614
2025-09-30,SKU016,13,10.477950524647124
2025-10-01,SKU016,10,11.032227184665317
2025-10-02,SKU016,12,11.102400596345458
2025-10-03,SKU016,8,11.120496813173986
2025-10-04,SKU016,7,12.558936737985318
2025-10-05,SKU016,11,10.479254009623455
2025-10-06,SKU016,10,10.212042225487293
2025-10-07,SKU016,10,9.916612062752277
2025-10-08,SKU016,14,10.12461228448212
2025-10-09,SKU016,12,10.450323360114846
2025-10-10,SKU016,11,10.323040633196552
2025-10-11,SKU016,12,11.742903600945885
2025-10-12,SKU016,15,12.32317725377881
2025-10-13,SKU016,10,11.150627821410529
2025-10-14,SKU016,20,10.95836603861788
2025-10-15,SKU016,6,11.010463112755783
2025-10-16,SKU016,12,11.130850966211888
2025-10-17,SKU016,16,10.878586887889899
2025-10-18,SKU016,11,12.867893658462556
2025-10-19,SKU016,11,12.728177385899356
2025-10-20,SKU016,15,11.259443301707154
2025-10-21,SKU016,10,10.890063717807827
2025-10-22,SKU016,8,11.427830107691179
2025-10-23,SKU016,12,11.355375169292326
2025-10-24,SKU016,4,10.959156975991293
2025-10-25,SKU016,9,11.835155980646228
2025-10-26,SKU016,15,11.865610546707257
2025-10-27,SKU016,6,11.628381885459623
2025-10-28,SKU016,11,10.596561462543743
2025-10-29,SKU016,22,10.430874085450286
2025-10-30,SKU016,15,11.405216064373048
2025-10-31,SKU016,12,12.500295180512344
2025-11-01,SKU016,18,15.660846968924961
2025-11-02,SKU016,25,16.11491789241381
2025-11-03,SKU016,9,10.917615850985621
2025-11-04,SKU016,10,10.650309230522387
2025-11-05,SKU016,15,11.320577911253842
2025-11-06,SKU016,12,10.349230689122189
2025-11-07,SKU016,10,11.172624658603336
2025-11-08,SKU016,17,14.848287615756657
2025-11-09,SKU016,19,15.013355613668255
2025-11-10,SKU016,9,11.22416132868946
2025-11-11,SKU016,11,11.333540242880886
2025-11-12,SKU016,14,11.792577479442572
2025-11-13,SKU016,13,11.547626390033837
2025-11-14,SKU016,12,11.682952676901442
2025-11-15,SKU016,16,16.520583381917117
2025-11-16,SKU016,20,17.403239907178044
2025-11-17,SKU016,7,12.04803997985265
2025-11-18,SKU016,11,11.827263481369993
2025-11-19,SKU016,10,11.827193951215468
2025-11-20,SKU016,10,11.430870226951708
2025-11-21,SKU016,14,11.919763955103367
2025-11-22,SKU016,14,17.811394960965455
2025-11-23,SKU016,9,18.635618147565417
2025-11-24,SKU016,10,11.343847755901548
2025-11-25,SKU016,9,11.518623791839923
2025-11-26,SKU016,10,11.650036555392639
2025-11-27,SKU016,8,11.927055880617267
2025-11-28,SKU016,11,12.079451337084397
2025-11-29,SKU016,9,17.846317110859324
2025-11-30,SKU016,14,17.28775762863408
2025-12-01,SKU016,10,11.13689452380992
2025-12-02,SKU016,8,11.359063265944393
2025-12-03,SKU016,10,11.881248330674207
2025-12-04,SKU016,10,11.462419169132227
2025-12-05,SKU016,12,11.829649849268563
2025-12-06,SKU016,12,10.959973520569934
2025-12-07,SKU016,15,12.180710583783991
2025-12-08,SKU016,12,12.20222939792224
2025-12-09,SKU016,15,11.949701613048937
2025-12-10,SKU016,8,11.736220814871558
2025-12-11,SKU016,8,12.680854783283834
2025-12-12,SKU016,10,12.30578972153602
2025-12-13,SKU016,14,12.284958497185642
2025-12-14,SKU016,11,12.020359589969033
2025-12-15,SKU016,6,11.075715599860098
2025-12-16,SKU016,8,10.600788971798215
2025-12-17,SKU016,10,10.694120564095238
2025-12-18,SKU016,11,10.882588782274777
2025-12-19,SKU016,17,10.750041494853342
2025-12-20,SKU016,11,12.469831202710397
2025-12-21,SKU016,11,12.40150935653127
2025-12-22,SKU016,16,10.832593912262185
2025-12-23,SKU016,13,11.992207485273669
2025-12-24,SKU016,14,11.374522232180336
2025-12-25,SKU016,18,10.785534754952801
2025-12-26,SKU016,14,9.97721254335235
2025-12-27,SKU016,13,13.517009672952836
2025-12-28,SKU016,16,12.957452686494408
2025-12-29,SKU016,10,10.710168291164077
2025-12-30,SKU016,15,11.650870007426926
2025-12-31,SKU016,12,11.222964758034896
2025-08-13,SKU017,11,10.64236415269017
2025-08-14,SKU017,14,10.720972058394286
2025-08-15,SKU017,10,10.709572450173367
2025-08-16,SKU017,15,12.494460336968341
2025-08-17,SKU017,11,13.38967803771882
2025-08-18,SKU017,14,10.776805119937285
2025-08-19,SKU017,17,11.058381019487268
2025-08-20,SKU017,13,12.183397719035966
2025-08-21,SKU017,6,12.37602959843016
2025-08-22,SKU017,10,10.842316609603893
2025-08-23,SKU017,12,12.547853279392347
2025-08-24,SKU017,13,12.80922479698409
2025-08-25,SKU017,10,11.171155886154343
2025-08-26,SKU017,7,10.703601421675593
2025-08-27,SKU017,14,10.502431629579245
2025-08-28,SKU017,9,10.379697035010144
2025-08-29,SKU017,12,10.490221429887868
2025-08-30,SKU017,14,11.873960329594947
2025-08-31,SKU017,12,11.978454656222945
2025-09-01,SKU017,11,11.065785899293545
2025-09-02,SKU017,9,10.792566048617623
2025-09-03,SKU017,6,11.148884608704758
2025-09-04,SKU017,12,10.82753546695699
2025-09-05,SKU017,8,10.789280628519604
2025-09-06,SKU017,14,15.672015779478256
2025-09-07,SKU017,11,15.839614622155647
2025-09-08,SKU017,7,10.903877821841798
2025-09-09,SKU017,5,11.10288689932735
2025-09-10,SKU017,13,10.976196362960753
2025-09-11,SKU017,6,10.56381445769756
2025-09-12,SKU017,12,10.234688913649382
2025-09-13,SKU017,16,16.089239728157093
2025-09-14,SKU017,18,17.099508709201533
2025-09-15,SKU017,7,10.495441658750854
2025-09-16,SKU017,15,10.346479346291328
2025-09-17,SKU017,7,10.262187758959662
2025-09-18,SKU017,13,10.409427800491121
2025-09-19,SKU017,13,10.513377757918663
2025-09-20,SKU017,10,15.68627996736012
2025-09-21,SKU017,18,15.742368117316271
2025-09-22,SKU017,9,10.485736654912612
2025-09-23,SKU017,13,10.5971978967634
2025-09-24,SKU017,7,10.59003342073858
2025-09-25,SKU017,24,10.659570330166943
2025-09-26,SKU017,8,10.885918772837359
2025-09-27,SKU017,17,15.917479867894112
2025-09-28,SKU017,12,15.512780144549058
2025-09-29,SKU017,12,11.149358255752482
2025-09-30,SKU017,7,10.912269001432353
2025-10-01,SKU017,15,10.863030825177127
2025-10-02,SKU017,10,11.876455027941688
2025-10-03,SKU017,8,11.056638908631042
2025-10-04,SKU017,10,12.69247709765797
2025-10-05,SKU017,13,12.245833117669429
2025-10-06,SKU017,6,11.186719269107275
2025-10-07,SKU017,12,11.047728537167705
2025-10-08,SKU017,11,12.548308312145926
2025-10-09,SKU017,13,11.535693136674393
2025-10-10,SKU017,8,11.679586840523712
2025-10-11,SKU017,12,12.806238675590754
2025-10-12,SKU017,14,12.433722394269228
2025-10-13,SKU017,8,11.42916675270143
2025-10-14,SKU017,12,10.944690342113322
2025-10-15,SKU017,13,11.072504402500474
2025-10-16,SKU017,14,11.472828799771005
2025-10-17,SKU017,11,11.475371694486903
2025-10-18,SKU017,9,13.290008581483203
2025-10-19,SKU017,17,12.848855030607258
2025-10-20,SKU017,6,11.245705461681153
2025-10-21,SKU017,8,11.040138108322
2025-10-22,SKU017,10,11.011134825162044
2025-10-23,SKU017,12,11.133830903636749
2025-10-24,SKU017,6,10.565206339292326
2025-10-25,SKU017,12,12.508392004374679
2025-10-26,SKU017,7,10.260734262992269
2025-10-27,SKU017,16,10.640771242131352
2025-10-28,SKU017,11,10.555389104580946
2025-10-29,SKU017,9,10.4078138194595
2025-10-30,SKU017,14,10.026743352966532
2025-10-31,SKU017,10,10.617936439071235
2025-11-01,SKU017,11,15.341511968308618
2025-11-02,SKU017,12,15.867845522290434
2025-11-03,SKU017,12,10.553968343354425
2025-11-04,SKU017,13,10.761827564942712
2025-11-05,SKU017,15,11.270330286634762
2025-11-06,SKU017,12,11.122271606580469
2025-11-07,SKU017,14,11.078251139882653
2025-11-08,SKU017,20,16.122683634450485
2025-11-09,SKU017,17,16.353274761420813
2025-11-10,SKU017,12,12.019758475535657
2025-11-11,SKU017,11,11.992865765084343
2025-11-12,SKU017,8,11.390838521842404
2025-11-13,SKU017,7,11.927991997571944
2025-11-14,SKU017,16,11.211182436015086
2025-11-15,SKU017,14,16.12612284931186
2025-11-16,SKU017,20,16.902404584954578
2025-11-17,SKU017,12,11.815631224964486
2025-11-18,SKU017,10,11.963060918620952
2025-11-19,SKU017,8,11.487322740499781
2025-11-20,SKU017,11,11.108876199880182
2025-11-21,SKU017,10,12.250718007257808
2025-11-22,SKU017,20,17.3846468804665
2025-11-23,SKU017,16,16.4458187506293
2025-11-24,SKU017,11,11.63086198078125
2025-11-25,SKU017,7,11.594035394998674
2025-11-26,SKU017,9,11.58953829044286
2025-11-27,SKU017,17,12.035421099583118
2025-11-28,SKU017,11,11.780067477590283
2025-11-29,SKU017,19,15.970631194346817
2025-11-30,SKU017,16,16.449563568213218
2025-12-01,SKU017,18,11.564021929255166
2025-12-02,SKU017,16,11.948510135866695
2025-12-03,SKU017,12,11.708238426836916
2025-12-04,SKU017,19,11.810701151257586
2025-12-05,SKU017,14,13.121435718715652
2025-12-06,SKU017,16,14.852740582676304
2025-12-07,SKU017,10,14.512118553287713
2025-12-08,SKU017,23,11.924983848495913
2025-12-09,SKU017,11,13.8805678930548
2025-12-10,SKU017,8,13.152493108771264
2025-12-11,SKU017,11,12.55161250654407
2025-12-12,SKU017,16,13.781426604374708
2025-12-13,SKU017,11,14.337088316168309
2025-12-14,SKU017,16,13.440547102970704
2025-12-15,SKU017,6,12.877825251526659
2025-12-16,SKU017,10,12.060444534705507
2025-12-17,SKU017,14,11.913787635148008
2025-12-18,SKU017,11,12.009604966693807
2025-12-19,SKU017,9,11.933968359144638
2025-12-20,SKU017,14,13.961617604885946
2025-12-21,SKU017,17,12.910381466822411
2025-12-22,SKU017,15,11.476104235010414
2025-12-23,SKU017,10,11.724581401646024
2025-12-24,SKU017,11,12.862417689420854
2025-12-25,SKU017,14,12.944760402265398
2025-12-26,SKU017,14,12.066958515570944
2025-12-27,SKU017,13,14.220945950726374
2025-12-28,SKU017,21,14.746301470548781
2025-12-29,SKU017,16,12.748714329273882
2025-12-30,SKU017,15,12.093588335134255
2025-12-31,SKU017,6,11.512168723133039
2025-08-13,SKU018,27,19.743317485893357
2025-08-14,SKU018,19,21.426558239792826
2025-08-15,SKU018,19,20.822034761717614
2025-08-16,SKU018,19,25.803923796744375
2025-08-17,SKU018,21,24.580875564441047
2025-08-18,SKU018,12,20.760185784155027
2025-08-19,SKU018,21,19.705525697217755
2025-08-20,SKU018,28,19.60401962552366
2025-08-21,SKU018,19,19.83805305444075
2025-08-22,SKU018,24,19.7516540327244
2025-08-23,SKU018,24,23.19977859076991
2025-08-24,SKU018,23,22.088127717200244
2025-08-25,SKU018,24,20.744521367404236
2025-08-26,SKU018,23,19.901274562549315
2025-08-27,SKU018,21,19.758113614289734
2025-08-28,SKU018,22,19.735102754187935
2025-08-29,SKU018,18,19.675823211406726
2025-08-30,SKU018,30,22.48923848024063
2025-08-31,SKU018,23,22.827625672909548
2025-09-01,SKU018,28,20.27876969848035
2025-09-02,SKU018,17,19.97596760089185
2025-09-03,SKU018,20,19.86808400897243
2025-09-04,SKU018,19,19.570650180241586
2025-09-05,SKU018,16,19.54094559550319
2025-09-06,SKU018,15,27.266840639731782
2025-09-07,SKU018,35,27.665727727389882
2025-09-08,SKU018,21,20.09575266755731
2025-09-09,SKU018,15,20.46020319978706
2025-09-10,SKU018,21,19.980162970011342
2025-09-11,SKU018,24,19.84291431140722
2025-09-12,SKU018,12,20.002275121114454
2025-09-13,SKU018,31,26.860154378319326
2025-09-14,SKU018,31,27.598359062219803
2025-09-15,SKU018,22,20.02586179620808
2025-09-16,SKU018,24,21.235276768141958
2025-09-17,SKU018,23,20.340468209419054
2025-09-18,SKU018,12,20.200365562246603
2025-09-19,SKU018,13,20.581528915345892
2025-09-20,SKU018,28,26.92080310801209
2025-09-21,SKU018,26,27.570346015646184
2025-09-22,SKU018,21,19.88357493855828
2025-09-23,SKU018,16,20.035779703407837
2025-09-24,SKU018,19,19.836384453734592
2025-09-25,SKU018,23,20.31001148716046
2025-09-26,SKU018,23,19.963082039644934
2025-09-27,SKU018,25,28.37259857141419
2025-09-28,SKU018,19,28.754148795382456
2025-09-29,SKU018,19,20.163369474656157
2025-09-30,SKU018,14,20.44827925936086
2025-10-01,SKU018,19,20.02543238881519
2025-10-02,SKU018,19,19.835738390077854
2025-10-03,SKU018,18,19.81766165833504
2025-10-04,SKU018,26,21.16931785167804
2025-10-05,SKU018,23,22.32534873067859
2025-10-06,SKU018,17,20.199923564791014
2025-10-07,SKU018,20,19.80146305708369
2025-10-08,SKU018,29,20.05541119545446
2025-10-09,SKU018,28,20.028241849653167
2025-10-10,SKU018,16,19.794388101507685
2025-10-11,SKU018,24,22.71230990323584
2025-10-12,SKU018,20,23.432611973458165
2025-10-13,SKU018,25,20.77415715014625
2025-10-14,SKU018,20,20.62083297328727
2025-10-15,SKU018,19,19.803152753690703
2025-10-16,SKU018,16,19.225532269598194
2025-10-17,SKU018,13,20.557912822177297
2025-10-18,SKU018,26,21.779790309888313
2025-10-19,SKU018,22,22.061299629356053
2025-10-20,SKU018,25,18.324808581011474
2025-10-21,SKU018,22,19.389730693227275
2025-10-22,SKU018,14,20.128100115104587
2025-10-23,SKU018,15,20.307634405115646
2025-10-24,SKU018,21,18.111166119205425
2025-10-25,SKU018,18,20.953261059522884
2025-10-26,SKU018,20,20.448857383152607
2025-10-27,SKU018,23,17.68576992363654
2025-10-28,SKU018,15,18.15858485484772
2025-10-29,SKU018,17,18.00123471494929
2025-10-30,SKU018,23,17.24118361724373
2025-10-31,SKU018,21,18.290893549621174
2025-11-01,SKU018,30,29.30609864445355
2025-11-02,SKU018,37,27.592768840797454
2025-11-03,SKU018,16,20.90406451770551
2025-11-04,SKU018,24,21.198231113988403
2025-11-05,SKU018,19,20.433997594553226
2025-11-06,SKU018,20,20.084441767620795
2025-11-07,SKU018,22,18.82262247228567
2025-11-08,SKU018,21,27.85582792365466
2025-11-09,SKU018,35,26.87028076776903
2025-11-10,SKU018,17,21.07052110200943
2025-11-11,SKU018,24,20.536752307538972
2025-11-12,SKU018,22,20.619500715480743
2025-11-13,SKU018,17,20.074988718906887
2025-11-14,SKU018,13,19.86310423286263
2025-11-15,SKU018,19,28.29466404889705
2025-11-16,SKU018,30,27.992841273562572
2025-11-17,SKU018,20,20.791117482323074
2025-11-18,SKU018,21,20.489136868892277
2025-11-19,SKU018,16,20.45386480466273
2025-11-20,SKU018,25,20.142070483573445
2025-11-21,SKU018,18,19.938129883033717
2025-11-22,SKU018,27,27.872830226981232
2025-11-23,SKU018,23,29.458742312047878
2025-11-24,SKU018,18,20.427635447091983
2025-11-25,SKU018,18,20.135906193256975
2025-11-26,SKU018,26,20.62764488164865
2025-11-27,SKU018,19,20.18488154808016
2025-11-28,SKU018,26,20.314384763705227
2025-11-29,SKU018,19,29.95408527923366
2025-11-30,SKU018,26,27.74758311007666
2025-12-01,SKU018,29,21.71769028607493
2025-12-02,SKU018,22,21.670814042306326
2025-12-03,SKU018,20,22.093709821133736
2025-12-04,SKU018,22,21.65051055591908
2025-12-05,SKU018,13,21.24094010632477
2025-12-06,SKU018,22,23.620419449115126
2025-12-07,SKU018,30,23.962831510127575
2025-12-08,SKU018,18,21.74955276766587
2025-12-09,SKU018,22,21.210781385767675
2025-12-10,SKU018,27,21.412980299206243
2025-12-11,SKU018,27,20.843700831184766
2025-12-12,SKU018,27,21.26209055440358
2025-12-13,SKU018,23,25.512070736656238
2025-12-14,SKU018,18,24.66545027784824
2025-12-15,SKU018,20,21.80317060640149
2025-12-16,SKU018,30,21.92096834774864
2025-12-17,SKU018,21,21.263781622899717
2025-12-18,SKU018,24,20.957574519086098
2025-12-19,SKU018,19,21.133789204698395
2025-12-20,SKU018,24,25.871605312992134
2025-12-21,SKU018,22,24.926421120917652
2025-12-22,SKU018,26,21.35388789001812
2025-12-23,SKU018,28,21.215522219141068
2025-12-24,SKU018,19,21.45751770808281
2025-12-25,SKU018,21,20.771815436880335
2025-12-26,SKU018,19,21.309624578297072
2025-12-27,SKU018,20,26.397464270984923
2025-12-28,SKU018,28,26.14903823441393
2025-12-29,SKU018,21,21.259575005816163
2025-12-30,SKU018,11,20.809381467482194
2025-12-31,SKU018,26,21.038197801064925
2025-08-13,SKU019,14,14.06002615156465
2025-08-14,SKU019,15,14.124427429265383
2025-08-15,SKU019,19,13.651020357426003
2025-08-16,SKU019,8,16.141344452641906
2025-08-17,SKU019,12,15.24020169325648
2025-08-18,SKU019,11,13.55745594995983
2025-08-19,SKU019,14,13.871609287416794
2025-08-20,SKU019,12,13.304879686798689
2025-08-21,SKU019,18,13.408004824341957
2025-08-22,SKU019,17,13.378798092979956
2025-08-23,SKU019,17,16.331878063928713
2025-08-24,SKU019,20,16.274666826440804
2025-08-25,SKU019,17,14.159586503260236
2025-08-26,SKU019,12,14.053087975192785
2025-08-27,SKU019,22,13.942219965216466
2025-08-28,SKU019,8,13.792219932406304
2025-08-29,SKU019,13,13.947687822758299
2025-08-30,SKU019,14,15.063661767577058
2025-08-31,SKU019,7,15.564987140596497
2025-09-01,SKU019,9,13.14801985365521
2025-09-02,SKU019,10,12.871001139517068
2025-09-03,SKU019,19,12.793811261108754
2025-09-04,SKU019,16,12.955361178298547
2025-09-05,SKU019,14,13.542202343498682
2025-09-06,SKU019,17,19.646552358019363
2025-09-07,SKU019,18,21.870914413071162
2025-09-08,SKU019,10,13.494404825771701
2025-09-09,SKU019,9,13.38711906662396
2025-09-10,SKU019,8,12.635680460010008
2025-09-11,SKU019,8,12.783775539873389
2025-09-12,SKU019,12,12.211355709717258
2025-09-13,SKU019,15,17.94905058541762
2025-09-14,SKU019,14,17.79842581721293
2025-09-15,SKU019,12,12.1137092435334
2025-09-16,SKU019,10,11.774102153542279
2025-09-17,SKU019,9,11.688710380189027
2025-09-18,SKU019,9,11.86446346142827
2025-09-19,SKU019,13,12.040863706316776
2025-09-20,SKU019,26,16.85898600868165
2025-09-21,SKU019,21,18.09924363155848
2025-09-22,SKU019,12,11.63226819541898
2025-09-23,SKU019,12,11.715871462742673
2025-09-24,SKU019,11,11.69214200658791
2025-09-25,SKU019,12,10.961533216773516
2025-09-26,SKU019,18,10.744477421381871
2025-09-27,SKU019,19,16.51665499478135
2025-09-28,SKU019,21,18.15788099000567
2025-09-29,SKU019,13,12.38969700956641
2025-09-30,SKU019,8,12.457819659383857
2025-10-01,SKU019,16,12.2318142748576
2025-10-02,SKU019,9,12.41669386129558
2025-10-03,SKU019,14,11.3652967904046
2025-10-04,SKU019,16,15.365732121028367
2025-10-05,SKU019,7,15.585564876482392
2025-10-06,SKU019,11,11.462869097178515
2025-10-07,SKU019,16,11.757010964987336
2025-10-08,SKU019,10,11.371341015340576
2025-10-09,SKU019,18,11.920290294508755
2025-10-10,SKU019,11,12.823210037006165
2025-10-11,SKU019,10,14.646219127401004
2025-10-12,SKU019,16,14.58227697666054
2025-10-13,SKU019,8,12.121743618812534
2025-10-14,SKU019,10,11.243114880113595
2025-10-15,SKU019,13,11.754128739152675
2025-10-16,SKU019,14,12.180412757270613
2025-10-17,SKU019,13,12.33623330170615
2025-10-18,SKU019,23,14.547054465043086
2025-10-19,SKU019,15,14.86856174624834
2025-10-20,SKU019,9,12.186493704608019
2025-10-21,SKU019,16,11.911143015965486
2025-10-22,SKU019,11,11.490504182975982
2025-10-23,SKU019,10,11.581145719913692
2025-10-24,SKU019,11,11.673152161057446
2025-10-25,SKU019,12,13.446154487886655
2025-10-26,SKU019,15,13.115397193281648
2025-10-27,SKU019,7,10.780279960479543
2025-10-28,SKU019,14,11.524110378147673
2025-10-29,SKU019,18,11.634471061828053
2025-10-30,SKU019,7,11.139860520373619
2025-10-31,SKU019,12,11.69883105011573
2025-11-01,SKU019,14,17.29648970763518
2025-11-02,SKU019,19,16.717429240340106
2025-11-03,SKU019,16,11.621119550078195
2025-11-04,SKU019,22,11.742423338959481
2025-11-05,SKU019,14,11.60739275839056
2025-11-06,SKU019,6,11.936071460483692
2025-11-07,SKU019,10,11.754979421891955
2025-11-08,SKU019,17,17.40017100224271
2025-11-09,SKU019,18,21.573058826537228
2025-11-10,SKU019,10,11.67633149621087
2025-11-11,SKU019,15,12.668414017619725
2025-11-12,SKU019,18,12.391141417107502
2025-11-13,SKU019,14,13.3051134920366
2025-11-14,SKU019,14,12.798935098487071
2025-11-15,SKU019,21,20.415910851527627
2025-11-16,SKU019,20,19.384011305859616
2025-11-17,SKU019,14,14.729176943282214
2025-11-18,SKU019,10,14.60613903488063
2025-11-19,SKU019,13,13.926700697919706
2025-11-20,SKU019,16,12.93943291646883
2025-11-21,SKU019,18,12.619765533720113
2025-11-22,SKU019,20,18.510877062444436
2025-11-23,SKU019,19,18.64630475958649
2025-11-24,SKU019,17,13.955491859463724
2025-11-25,SKU019,9,14.127625018753355
2025-11-26,SKU019,9,13.844805533241964
2025-11-27,SKU019,12,13.172105365502086
2025-11-28,SKU019,9,13.496024404957339
2025-11-29,SKU019,16,18.116355233513445
2025-11-30,SKU019,16,18.56159791150813
2025-12-01,SKU019,13,13.14628735931951
2025-12-02,SKU019,9,12.968900601297522
2025-12-03,SKU019,21,13.97211773525857
2025-12-04,SKU019,10,13.198057713871655
2025-12-05,SKU019,19,13.351604044228948
2025-12-06,SKU019,12,15.775097874970708
2025-12-07,SKU019,19,16.27825720081381
2025-12-08,SKU019,8,13.382690294877504
2025-12-09,SKU019,10,13.093526405509214
2025-12-10,SKU019,14,13.41887412401977
2025-12-11,SKU019,20,14.150511295327426
2025-12-12,SKU019,17,12.683198448182075
2025-12-13,SKU019,9,15.809827787072487
2025-12-14,SKU019,18,15.87178520766563
2025-12-15,SKU019,16,13.963770243680957
2025-12-16,SKU019,17,13.854248969882121
2025-12-17,SKU019,15,14.056628613824682
2025-12-18,SKU019,14,13.863887996369835
2025-12-19,SKU019,15,13.340432103085357
2025-12-20,SKU019,17,13.951671828040059
2025-12-21,SKU019,13,15.214431134137131
2025-12-22,SKU019,13,13.713177821862045
2025-12-23,SKU019,21,13.474291034852381
2025-12-24,SKU019,12,13.81265047734868
2025-12-25,SKU019,13,13.10360867404469
2025-12-26,SKU019,16,12.99801265182457
2025-12-27,SKU019,11,15.920755249338283
2025-12-28,SKU019,18,15.947348964178047
2025-12-29,SKU019,17,13.354805851166637
2025-12-30,SKU019,9,13.655890167386469
2025-12-31,SKU019,14,13.285068547558302
2025-08-13,SKU020,14,11.426923333747853
2025-08-14,SKU020,14,10.910720200585786
2025-08-15,SKU020,9,11.911838612592938
2025-08-16,SKU020,10,12.60083327215167
2025-08-17,SKU020,15,12.840044811309754
2025-08-18,SKU020,9,11.004622678372357
2025-08-19,SKU020,16,11.350294194365292
2025-08-20,SKU020,11,11.521589072387233
2025-08-21,SKU020,20,11.816046842802294
2025-08-22,SKU020,11,11.144239535599782
2025-08-23,SKU020,22,13.726693496235741
2025-08-24,SKU020,10,12.30054067586718
2025-08-25,SKU020,15,11.308940979597349
2025-08-26,SKU020,8,10.917351998418228
2025-08-27,SKU020,3,11.569560845567155
2025-08-28,SKU020,12,10.981726479486326
2025-08-29,SKU020,9,11.886484637210225
2025-08-30,SKU020,16,12.492319527700145
2025-08-31,SKU020,11,13.959486086347459
2025-09-01,SKU020,14,11.211704974252028
2025-09-02,SKU020,15,10.956963025780865
2025-09-03,SKU020,8,11.645668211314558
2025-09-04,SKU020,11,11.668270068406537
2025-09-05,SKU020,13,11.468311980952603
2025-09-06,SKU020,21,15.279189453835013
2025-09-07,SKU020,15,15.323751216727066
2025-09-08,SKU020,10,11.215979223513628
2025-09-09,SKU020,11,11.588741001813316
2025-09-10,SKU020,13,10.790921237738882
2025-09-11,SKU020,10,11.707890572408196
2025-09-12,SKU020,8,11.781123237417365
2025-09-13,SKU020,23,14.40215547170771
2025-09-14,SKU020,16,15.152475166937545
2025-09-15,SKU020,8,11.620847235341726
2025-09-16,SKU020,10,10.995682171966523
2025-09-17,SKU020,10,11.152736091334013
2025-09-18,SKU020,9,11.300276224103062
2025-09-19,SKU020,9,11.394427816277204
2025-09-20,SKU020,20,13.569562532191622
2025-09-21,SKU020,13,15.370817050755775
2025-09-22,SKU020,13,10.744283550234918
2025-09-23,SKU020,9,10.996217846196352
2025-09-24,SKU020,7,11.299054879968805
2025-09-25,SKU020,14,11.488625015995117
2025-09-26,SKU020,12,11.550641265379278
2025-09-27,SKU020,16,14.495720535964313
2025-09-28,SKU020,15,15.409935800186542
2025-09-29,SKU020,13,10.842481003554344
2025-09-30,SKU020,8,10.948879729735712
2025-10-01,SKU020,10,10.906805530593164
2025-10-02,SKU020,4,11.449698126369247
2025-10-03,SKU020,13,11.773609771923848
2025-10-04,SKU020,13,12.919193598938795
2025-10-05,SKU020,14,12.817042716020964
2025-10-06,SKU020,14,11.024561766336507
2025-10-07,SKU020,10,10.97599948710414
2025-10-08,SKU020,15,11.381033321905477
2025-10-09,SKU020,12,11.042171637177033
2025-10-10,SKU020,17,11.49958770538004
2025-10-11,SKU020,20,13.687282318758063
2025-10-12,SKU020,19,13.321279930325643
2025-10-13,SKU020,12,10.576780995420654
2025-10-14,SKU020,9,10.743734551583445
2025-10-15,SKU020,11,10.479592529789882
2025-10-16,SKU020,8,11.145288613845779
2025-10-17,SKU020,10,11.670156882784179
2025-10-18,SKU020,13,13.03158786491197
2025-10-19,SKU020,11,12.36983453282354
2025-10-20,SKU020,9,11.284340280814842
2025-10-21,SKU020,10,11.178083735122163
2025-10-22,SKU020,17,11.647004875462496
2025-10-23,SKU020,14,11.224343164571904
2025-10-24,SKU020,12,11.570014268118946
2025-10-25,SKU020,13,13.408915404587315
2025-10-26,SKU020,13,13.923661810540704
2025-10-27,SKU020,19,10.614666258859437
2025-10-28,SKU020,7,11.204808414827674
2025-10-29,SKU020,12,11.66812625644471
2025-10-30,SKU020,12,11.347477992854417
2025-10-31,SKU020,15,11.380178368012478
2025-11-01,SKU020,19,15.861422037388984
2025-11-02,SKU020,17,16.805925558372827
2025-11-03,SKU020,8,11.784958253281122
2025-11-04,SKU020,5,11.206723162451
2025-11-05,SKU020,8,11.218976677540413
2025-11-06,SKU020,15,11.490863313543596
2025-11-07,SKU020,10,11.673949595752559
2025-11-08,SKU020,16,15.664131323120898
2025-11-09,SKU020,16,14.646292325162422
2025-11-10,SKU020,13,10.87141139046622
2025-11-11,SKU020,12,10.800825745443085
2025-11-12,SKU020,15,10.897073184573005
2025-11-13,SKU020,11,11.660838592914951
2025-11-14,SKU020,7,11.677482509606177
2025-11-15,SKU020,18,15.490708440142967
2025-11-16,SKU020,16,15.53284223398602
2025-11-17,SKU020,13,11.352380494727873
2025-11-18,SKU020,12,11.830897485522524
2025-11-19,SKU020,9,11.842686912799907
2025-11-20,SKU020,9,11.455015738048676
2025-11-21,SKU020,8,11.14626720048992
2025-11-22,SKU020,9,15.277948213896371
2025-11-23,SKU020,21,14.857990112874491
2025-11-24,SKU020,12,11.057805841219611
2025-11-25,SKU020,15,11.396641546201295
2025-11-26,SKU020,15,11.31974137330375
2025-11-27,SKU020,14,11.061028734653057
2025-11-28,SKU020,5,11.832724400911394
2025-11-29,SKU020,19,16.614008594357532
2025-11-30,SKU020,17,15.529090071209918
2025-12-01,SKU020,10,11.365541499847218
2025-12-02,SKU020,12,11.565495171264127
2025-12-03,SKU020,17,11.773838590736268
2025-12-04,SKU020,15,11.981989088444747
2025-12-05,SKU020,10,12.106455597501684
2025-12-06,SKU020,12,14.210291933020716
2025-12-07,SKU020,9,14.426578715402991
2025-12-08,SKU020,13,10.876901136599187
2025-12-09,SKU020,12,11.10073900310482
2025-12-10,SKU020,6,11.466226855732216
2025-12-11,SKU020,13,11.964061337532831
2025-12-12,SKU020,11,11.826494905051682
2025-12-13,SKU020,14,14.522033953234551
2025-12-14,SKU020,13,14.465794532545265
2025-12-15,SKU020,10,11.02939731937026
2025-12-16,SKU020,3,11.439466915553224
2025-12-17,SKU020,14,11.121830675066839
2025-12-18,SKU020,6,11.657876611279491
2025-12-19,SKU020,13,11.910152877081016
2025-12-20,SKU020,14,12.923382129348772
2025-12-21,SKU020,14,13.153702042828158
2025-12-22,SKU020,14,10.841158658666163
2025-12-23,SKU020,17,10.850786996342556
2025-12-24,SKU020,12,11.756221917553386
2025-12-25,SKU020,14,10.776011283056
2025-12-26,SKU020,18,11.551097637104952
2025-12-27,SKU020,13,13.778444994159477
2025-12-28,SKU020,11,13.88533910339211
2025-12-29,SKU020,15,11.505396265545302
2025-12-30,SKU020,11,11.379741737831036
2025-12-31,SKU020,17,11.69952604713854
2025-08-13,SKU021,4,7.5998503709254575
2025-08-14,SKU021,10,6.884411922642159
2025-08-15,SKU021,10,7.34709897944347
2025-08-16,SKU021,8,8.274540084546757
2025-08-17,SKU021,6,8.397825194624689
2025-08-18,SKU021,4,7.6586039400590815
2025-08-19,SKU021,7,7.2650616501891685
2025-08-20,SKU021,10,6.8063132266842725
2025-08-21,SKU021,10,7.375995186268043
2025-08-22,SKU021,9,7.55787152279869
2025-08-23,SKU021,9,9.281437976441886
2025-08-24,SKU021,11,9.550125104473464
2025-08-25,SKU021,5,7.690375818329287
2025-08-26,SKU021,5,7.536109046829292
2025-08-27,SKU021,8,7.505814013356593
2025-08-28,SKU021,4,7.381419753929256
2025-08-29,SKU021,8,7.196923775385653
2025-08-30,SKU021,4,8.611311848059401
2025-08-31,SKU021,9,7.062703306504731
2025-09-01,SKU021,4,6.985616949212563
2025-09-02,SKU021,9,6.834697388373717
2025-09-03,SKU021,4,7.041507587918001
2025-09-04,SKU021,5,6.875038251905215
2025-09-05,SKU021,10,7.104396846007381
2025-09-06,SKU021,4,8.894014369840558
2025-09-07,SKU021,11,8.681664321463373
2025-09-08,SKU021,4,7.004384333039919
2025-09-09,SKU021,10,7.052153906025841
2025-09-10,SKU021,9,6.8422004490003125
2025-09-11,SKU021,4,7.096135353145072
2025-09-12,SKU021,9,7.415825732001156
2025-09-13,SKU021,12,9.794549681194667
2025-09-14,SKU021,7,9.75909903487368
2025-09-15,SKU021,8,7.341149634726631
2025-09-16,SKU021,8,7.359144861295794
2025-09-17,SKU021,4,7.299389526986193
2025-09-18,SKU021,6,7.148955527170097
2025-09-19,SKU021,7,7.45214878163363
2025-09-20,SKU021,10,9.60044019204787
2025-09-21,SKU021,12,9.640388915514047
2025-09-22,SKU021,5,6.999653074069658
2025-09-23,SKU021,2,7.081145720895839
2025-09-24,SKU021,5,7.087513774849017
2025-09-25,SKU021,7,6.951582308360173
2025-09-26,SKU021,14,7.321202064749858
2025-09-27,SKU021,11,8.550420367411519
2025-09-28,SKU021,9,9.56332245893469
2025-09-29,SKU021,6,7.298902997392286
2025-09-30,SKU021,4,7.362172953671907
2025-10-01,SKU021,5,7.220654379730197
2025-10-02,SKU021,7,7.3346091638646955
2025-10-03,SKU021,3,6.7923962058050575
2025-10-04,SKU021,4,6.757727724530136
2025-10-05,SKU021,6,7.058316273855464
2025-10-06,SKU021,11,6.334980499882206
2025-10-07,SKU021,3,6.845265669437502
2025-10-08,SKU021,4,6.6540922845474
2025-10-09,SKU021,5,6.6325394541251645
2025-10-10,SKU021,10,6.029536450402625
2025-10-11,SKU021,6,7.2505931228324005
2025-10-12,SKU021,9,7.595995971539266
2025-10-13,SKU021,12,7.239141075222854
2025-10-14,SKU021,8,6.327238720657208
2025-10-15,SKU021,5,6.661329834567948
2025-10-16,SKU021,4,7.569079833838519
2025-10-17,SKU021,10,7.532151589753557
2025-10-18,SKU021,14,7.514695679497415
2025-10-19,SKU021,12,7.039702088055756
2025-10-20,SKU021,7,6.982828685687898
2025-10-21,SKU021,7,7.354801405008667
2025-10-22,SKU021,8,7.1967652189038995
2025-10-23,SKU021,4,7.2220478850469565
2025-10-24,SKU021,5,7.261997385913515
2025-10-25,SKU021,10,6.931130498519476
2025-10-26,SKU021,3,7.6460624341800925
2025-10-27,SKU021,5,6.708707310362245
2025-10-28,SKU021,8,6.696023979782485
2025-10-29,SKU021,5,6.597383139893383
2025-10-30,SKU021,7,6.459839365104593
2025-10-31,SKU021,7,6.550525710052211
2025-11-01,SKU021,16,8.186204935783573
2025-11-02,SKU021,10,9.475511682598492
2025-11-03,SKU021,2,7.524013521774536
2025-11-04,SKU021,4,7.566798883482306
2025-11-05,SKU021,4,7.1855851628342
2025-11-06,SKU021,10,7.450019066264722
2025-11-07,SKU021,10,7.2590039900776775
2025-11-08,SKU021,9,9.280372856704414
2025-11-09,SKU021,7,9.292927668426643
2025-11-10,SKU021,6,7.294223436027138
2025-11-11,SKU021,7,7.323723288982218
2025-11-12,SKU021,4,7.251719919564769
2025-11-13,SKU021,7,7.371021307516434
2025-11-14,SKU021,8,7.286034889070915
2025-11-15,SKU021,10,9.236121852634424
2025-11-16,SKU021,3,9.273171336871735
2025-11-17,SKU021,7,7.039565750630277
2025-11-18,SKU021,7,6.927409501635805
2025-11-19,SKU021,9,6.983549024394019
2025-11-20,SKU021,6,6.861389152903122
2025-11-21,SKU021,3,7.8339543016887765
2025-11-22,SKU021,3,8.381068661854922
2025-11-23,SKU021,8,8.03965432179735
2025-11-24,SKU021,8,6.794019945955715
2025-11-25,SKU021,9,6.527664092161415
2025-11-26,SKU021,9,7.661214962090997
2025-11-27,SKU021,2,7.059570885102419
2025-11-28,SKU021,4,6.329963371892275
2025-11-29,SKU021,10,8.802510510659097
2025-11-30,SKU021,5,10.734938931244095
2025-12-01,SKU021,5,6.24222265233036
2025-12-02,SKU021,6,7.0771024078143
2025-12-03,SKU021,10,7.772774253140698
2025-12-04,SKU021,9,6.378112488844635
2025-12-05,SKU021,8,7.052658125092542
2025-12-06,SKU021,6,8.771156098573913
2025-12-07,SKU021,8,8.751131946619935
2025-12-08,SKU021,11,7.091459296840955
2025-12-09,SKU021,5,6.757157874863262
2025-12-10,SKU021,7,7.6292945796536635
2025-12-11,SKU021,9,7.5045652674062815
2025-12-12,SKU021,5,7.460984816683935
2025-12-13,SKU021,10,8.4230339960647
2025-12-14,SKU021,12,8.333968106858817
2025-12-15,SKU021,5,7.884901519211258
2025-12-16,SKU021,9,6.955376321912354
2025-12-17,SKU021,5,7.3622083973447365
2025-12-18,SKU021,5,7.875597092395055
2025-12-19,SKU021,8,8.022132254924863
2025-12-20,SKU021,4,7.962687724356828
2025-12-21,SKU021,11,7.492960280769123
2025-12-22,SKU021,3,7.314280210521956
2025-12-23,SKU021,8,7.752618058151109
2025-12-24,SKU021,10,6.887129415783473
2025-12-25,SKU021,4,7.027448930791969
2025-12-26,SKU021,8,8.055782034827917
2025-12-27,SKU021,6,7.04410101335374
2025-12-28,SKU021,11,7.9609829565771095
2025-12-29,SKU021,5,8.230285585729337
2025-12-30,SKU021,8,7.7972252034410126
2025-12-31,SKU021,6,7.53750938086077
2025-08-13,SKU022,7,8.980690607737278
2025-08-14,SKU022,8,8.085634063783449
2025-08-15,SKU022,10,7.66108725081437
2025-08-16,SKU022,13,9.794028279837365
2025-08-17,SKU022,11,9.649882418810478
2025-08-18,SKU022,5,7.624706871120448
2025-08-19,SKU022,11,8.140321074339553
2025-08-20,SKU022,10,8.101655486303903
2025-08-21,SKU022,5,8.826994072306634
2025-08-22,SKU022,16,9.339768335096974
2025-08-23,SKU022,16,10.215762951056611
2025-08-24,SKU022,6,10.925765444710137
2025-08-25,SKU022,8,8.105406784638854
2025-08-26,SKU022,5,8.326043398632818
2025-08-27,SKU022,7,8.663150667129083
2025-08-28,SKU022,7,8.095091054297052
2025-08-29,SKU022,4,8.000772743448183
2025-08-30,SKU022,8,8.877508177071558
2025-08-31,SKU022,10,9.648901201232103
2025-09-01,SKU022,7,7.73802687238802
2025-09-02,SKU022,9,8.14365154796996
2025-09-03,SKU022,8,7.9802983800992875
2025-09-04,SKU022,7,7.99152364512999
2025-09-05,SKU022,3,8.166329689033033
2025-09-06,SKU022,11,12.332123791604783
2025-09-07,SKU022,10,12.397446447349875
2025-09-08,SKU022,10,7.426046526923726
2025-09-09,SKU022,8,8.03132767137179
2025-09-10,SKU022,12,7.7871998856949745
2025-09-11,SKU022,11,7.717731517010807
2025-09-12,SKU022,7,8.091808495115512
2025-09-13,SKU022,6,11.339597630813559
2025-09-14,SKU022,13,10.762275543820905
2025-09-15,SKU022,7,7.705288500671992
2025-09-16,SKU022,7,7.96556605251269
2025-09-17,SKU022,10,7.914499840204893
2025-09-18,SKU022,6,7.824283725114738
2025-09-19,SKU022,6,7.831456770629879
2025-09-20,SKU022,14,10.069047284837225
2025-09-21,SKU022,10,11.449612064053959
2025-09-22,SKU022,7,7.697516015580877
2025-09-23,SKU022,9,7.776840691717994
2025-09-24,SKU022,10,7.459784603424334
2025-09-25,SKU022,4,7.456425212916113
2025-09-26,SKU022,8,7.498135211087011
2025-09-27,SKU022,14,10.954788414754267
2025-09-28,SKU022,9,11.645844661665079
2025-09-29,SKU022,8,7.829545514104901
2025-09-30,SKU022,6,8.117152331908454
2025-10-01,SKU022,9,7.867203357421455
2025-10-02,SKU022,7,8.07680724095189
2025-10-03,SKU022,10,7.919073841964568
2025-10-04,SKU022,8,8.202277125165875
2025-10-05,SKU022,2,9.542178023579801
2025-10-06,SKU022,3,7.5448895290086355
2025-10-07,SKU022,8,7.441013615145287
2025-10-08,SKU022,7,7.587247691711559
2025-10-09,SKU022,10,7.639900992767403
2025-10-10,SKU022,9,7.489808286607897
2025-10-11,SKU022,7,8.972428850817334
2025-10-12,SKU022,10,9.484184143978835
2025-10-13,SKU022,11,7.585198060694845
2025-10-14,SKU022,9,7.731273062006349
2025-10-15,SKU022,6,7.636128657563096
2025-10-16,SKU022,6,7.6802932726008155
2025-10-17,SKU022,7,7.582343502167804
2025-10-18,SKU022,11,9.348540260698536
2025-10-19,SKU022,8,8.745521971526015
2025-10-20,SKU022,11,7.715960721021587
2025-10-21,SKU022,4,7.627329343988365
2025-10-22,SKU022,7,7.2133924543136985
2025-10-23,SKU022,6,7.3259493098711665
2025-10-24,SKU022,7,7.372813872928235
2025-10-25,SKU022,9,8.42049350048981
2025-10-26,SKU022,7,7.452024147408867
2025-10-27,SKU022,10,7.491209877928991
2025-10-28,SKU022,8,7.201616321313486
2025-10-29,SKU022,5,7.241137248747051
2025-10-30,SKU022,9,7.230079627175026
2025-10-31,SKU022,9,7.287966606423283
2025-11-01,SKU022,14,8.835493298819681
2025-11-02,SKU022,7,11.07556808610065
2025-11-03,SKU022,7,7.58575514826451
2025-11-04,SKU022,7,7.74233190437463
2025-11-05,SKU022,8,7.511925911003788
2025-11-06,SKU022,5,7.674359490878552
2025-11-07,SKU022,5,7.368398701682021
2025-11-08,SKU022,6,9.68813922540765
2025-11-09,SKU022,6,9.385284367650819
2025-11-10,SKU022,5,7.153053134441332
2025-11-11,SKU022,13,7.090924230442011
2025-11-12,SKU022,7,7.094730867936932
2025-11-13,SKU022,5,7.04030113857686
2025-11-14,SKU022,17,7.079706209943114
2025-11-15,SKU022,16,10.79860458258581
2025-11-16,SKU022,15,11.266970893052797
2025-11-17,SKU022,5,7.913221536861517
2025-11-18,SKU022,4,8.34200210113573
2025-11-19,SKU022,8,7.329139386568613
2025-11-20,SKU022,8,7.370126134979172
2025-11-21,SKU022,6,8.50099806032429
2025-11-22,SKU022,13,11.194045181863586
2025-11-23,SKU022,9,10.66913506401735
2025-11-24,SKU022,10,7.386463427110011
2025-11-25,SKU022,7,7.599827212515497
2025-11-26,SKU022,7,7.336192905510912
2025-11-27,SKU022,7,7.722265868755452
2025-11-28,SKU022,7,7.36624776228291
2025-11-29,SKU022,11,10.73336173414047
2025-11-30,SKU022,20,9.865385182512478
2025-12-01,SKU022,7,8.050946913879436
2025-12-02,SKU022,6,8.505365831053883
2025-12-03,SKU022,12,7.75930315780629
2025-12-04,SKU022,16,7.896027731131101
2025-12-05,SKU022,5,7.772323576544
2025-12-06,SKU022,11,8.962343803880078
2025-12-07,SKU022,13,9.38877940196929
2025-12-08,SKU022,12,9.243358466075103
2025-12-09,SKU022,8,10.050934407473735
2025-12-10,SKU022,7,9.384040414140799
2025-12-11,SKU022,6,8.859636034280538
2025-12-12,SKU022,6,9.313207924266505
2025-12-13,SKU022,15,9.04065307703576
2025-12-14,SKU022,6,9.138748909887711
2025-12-15,SKU022,12,8.322518156091096
2025-12-16,SKU022,11,8.617545581453719
2025-12-17,SKU022,6,8.341096387031435
2025-12-18,SKU022,5,8.25581984685673
2025-12-19,SKU022,12,8.374301390079175
2025-12-20,SKU022,5,9.46533886046182
2025-12-21,SKU022,11,9.971103970031438
2025-12-22,SKU022,7,8.124519108096031
2025-12-23,SKU022,13,8.438882131641822
2025-12-24,SKU022,15,8.289144179904449
2025-12-25,SKU022,11,9.067167791885094
2025-12-26,SKU022,10,9.914894630551029
2025-12-27,SKU022,17,11.11585361348946
2025-12-28,SKU022,11,12.44547230132644
2025-12-29,SKU022,1,10.00304802995639
2025-12-30,SKU022,7,9.421855755969531
2025-12-31,SKU022,9,8.62031849940174
2025-08-13,SKU023,15,14.549262355301266
2025-08-14,SKU023,12,13.981901805501815
2025-08-15,SKU023,15,13.102362227829776
2025-08-16,SKU023,16,13.851192989201506
2025-08-17,SKU023,16,16.16415655007505
2025-08-18,SKU023,9,14.22850205278029
2025-08-19,SKU023,18,13.76960382402041
2025-08-20,SKU023,12,14.274713445195875
2025-08-21,SKU023,8,13.639901819606758
2025-08-22,SKU023,14,13.541279654067823
2025-08-23,SKU023,14,15.117722819316912
2025-08-24,SKU023,20,14.891044822639216
2025-08-25,SKU023,12,14.152215979846563
2025-08-26,SKU023,13,13.729789036332456
2025-08-27,SKU023,9,12.971493824169936
2025-08-28,SKU023,12,14.80324524388933
2025-08-29,SKU023,14,13.245666443747744
2025-08-30,SKU023,13,14.483279710487475
2025-08-31,SKU023,9,15.372398757045206
2025-09-01,SKU023,8,12.966567513735297
2025-09-02,SKU023,5,12.628536134845403
2025-09-03,SKU023,15,12.82919847021281
2025-09-04,SKU023,9,12.806772507330495
2025-09-05,SKU023,11,12.485707158111042
2025-09-06,SKU023,17,17.491593788331194
2025-09-07,SKU023,11,16.824175292743153
2025-09-08,SKU023,1,10.463210562958304
2025-09-09,SKU023,11,10.821336620226191
2025-09-10,SKU023,12,12.199177598598567
2025-09-11,SKU023,6,11.592876879593462
2025-09-12,SKU023,8,11.273666964034478
2025-09-13,SKU023,10,15.6936529913923
2025-09-14,SKU023,5,15.1390547153289
2025-09-15,SKU023,12,11.865843246828117
2025-09-16,SKU023,12,10.892254428527172
2025-09-17,SKU023,14,10.715800267618926
2025-09-18,SKU023,21,10.442739378558404
2025-09-19,SKU023,7,10.934165245662506
2025-09-20,SKU023,22,15.006580296170965
2025-09-21,SKU023,23,14.595356455385076
2025-09-22,SKU023,10,11.319006916906625
2025-09-23,SKU023,3,11.182556735610914
2025-09-24,SKU023,7,11.226617695258492
2025-09-25,SKU023,16,10.791904453705456
2025-09-26,SKU023,18,11.05912415547369
2025-09-27,SKU023,19,13.717140453750346
2025-09-28,SKU023,17,13.991183117766175
2025-09-29,SKU023,20,10.662298937044202
2025-09-30,SKU023,7,10.614688863670992
2025-10-01,SKU023,9,10.046245667374091
2025-10-02,SKU023,10,10.2098448604104
2025-10-03,SKU023,12,11.548185564837498
2025-10-04,SKU023,11,13.128515010572306
2025-10-05,SKU023,20,12.275835582534254
2025-10-06,SKU023,15,10.455410724164341
2025-10-07,SKU023,13,10.354080476653607
2025-10-08,SKU023,13,10.997609847790127
2025-10-09,SKU023,10,12.2807058014016
2025-10-10,SKU023,6,13.013040229752804
2025-10-11,SKU023,13,14.404190399294336
2025-10-12,SKU023,10,14.111387597266866
2025-10-13,SKU023,10,12.135681609061557
2025-10-14,SKU023,11,12.376634361739868
2025-10-15,SKU023,12,12.429405547252243
2025-10-16,SKU023,12,13.344770995021552
2025-10-17,SKU023,9,11.077982102527278
2025-10-18,SKU023,9,13.723647475591779
2025-10-19,SKU023,11,14.086303355984725
2025-10-20,SKU023,15,11.295394332988373
2025-10-21,SKU023,8,11.367563522306842
2025-10-22,SKU023,9,11.666782821311806
2025-10-23,SKU023,9,11.800744608716004
2025-10-24,SKU023,12,11.775704386050243
2025-10-25,SKU023,18,12.249062356370853
2025-10-26,SKU023,20,12.349943984455615
2025-10-27,SKU023,10,11.473075118307156
2025-10-28,SKU023,11,10.489367041235646
2025-10-29,SKU023,8,10.39685998296955
2025-10-30,SKU023,11,10.597685926240253
2025-10-31,SKU023,11,10.315293135579534
2025-11-01,SKU023,16,14.335307282420345
2025-11-02,SKU023,17,14.049646190119105
2025-11-03,SKU023,12,10.885774449207704
2025-11-04,SKU023,13,10.220083604096933
2025-11-05,SKU023,15,10.270864695311248
2025-11-06,SKU023,13,10.42005246665369
2025-11-07,SKU023,6,11.367311641929371
2025-11-08,SKU023,20,14.219220529362339
2025-11-09,SKU023,12,14.896295271128572
2025-11-10,SKU023,13,11.272511843411012
2025-11-11,SKU023,10,11.724606628043285
2025-11-12,SKU023,11,11.715425930055783
2025-11-13,SKU023,13,11.658815441772923
2025-11-14,SKU023,14,11.045108521925226
2025-11-15,SKU023,17,14.963964856527348
2025-11-16,SKU023,10,14.952259952412328
2025-11-17,SKU023,9,10.893469732439932
2025-11-18,SKU023,13,11.23294247049079
2025-11-19,SKU023,9,11.599419118933952
2025-11-20,SKU023,10,11.671686216778147
2025-11-21,SKU023,10,12.078011722804458
2025-11-22,SKU023,17,14.760943790571252
2025-11-23,SKU023,20,15.297732508523659
2025-11-24,SKU023,7,10.759424864385752
2025-11-25,SKU023,22,11.313712264015328
2025-11-26,SKU023,6,11.960522097958702
2025-11-27,SKU023,10,11.986156742693547
2025-11-28,SKU023,18,12.157187880252454
2025-11-29,SKU023,15,14.72889454761605
2025-11-30,SKU023,12,15.393985048846472
2025-12-01,SKU023,11,10.430483823907945
2025-12-02,SKU023,9,12.114545097926731
2025-12-03,SKU023,16,10.877768274349908
2025-12-04,SKU023,15,11.823835762790434
2025-12-05,SKU023,18,12.209592173310082
2025-12-06,SKU023,16,13.963190015859904
2025-12-07,SKU023,12,14.036515560529942
2025-12-08,SKU023,14,12.719706083155847
2025-12-09,SKU023,11,12.57071295265192
2025-12-10,SKU023,20,12.650369743234439
2025-12-11,SKU023,11,12.302507446383549
2025-12-12,SKU023,15,12.224250749579612
2025-12-13,SKU023,18,14.099407023726787
2025-12-14,SKU023,9,14.176826922771253
2025-12-15,SKU023,4,12.996834720214329
2025-12-16,SKU023,19,12.65607993321381
2025-12-17,SKU023,7,12.637874098942675
2025-12-18,SKU023,16,12.98236072228236
2025-12-19,SKU023,11,12.790844230478957
2025-12-20,SKU023,15,13.89248865731794
2025-12-21,SKU023,24,13.908894773041496
2025-12-22,SKU023,14,13.894118579575474
2025-12-23,SKU023,16,12.983272723797112
2025-12-24,SKU023,18,13.943883224363809
2025-12-25,SKU023,12,15.221589982433315
2025-12-26,SKU023,15,13.547360974231207
2025-12-27,SKU023,17,13.456418950678932
2025-12-28,SKU023,7,15.789045438913165
2025-12-29,SKU023,12,14.004705758085182
2025-12-30,SKU023,13,13.86116790784387
2025-12-31,SKU023,14,13.034926697352411
2025-08-13,SKU024,8,11.84974385837309
2025-08-14,SKU024,8,10.449444628462915
2025-08-15,SKU024,12,9.990251639792511
2025-08-16,SKU024,19,11.378431437558588
2025-08-17,SKU024,17,11.910058955450863
2025-08-18,SKU024,9,10.937099628889483
2025-08-19,SKU024,12,11.18921227938598
2025-08-20,SKU024,9,11.332786891769667
2025-08-21,SKU024,10,11.42985669523018
2025-08-22,SKU024,12,11.521278863015556
2025-08-23,SKU024,5,12.513429411575315
2025-08-24,SKU024,12,11.390679981871353
2025-08-25,SKU024,17,11.22731419534133
2025-08-26,SKU024,13,11.27938640709582
2025-08-27,SKU024,14,11.538597913246736
2025-08-28,SKU024,11,11.526818785719417
2025-08-29,SKU024,12,11.746586111332192
2025-08-30,SKU024,13,13.266490168969952
2025-08-31,SKU024,13,12.248504650594622
2025-09-01,SKU024,13,11.532712478652806
2025-09-02,SKU024,17,11.042718969457358
2025-09-03,SKU024,10,11.70835084284297
2025-09-04,SKU024,10,11.153488245282219
2025-09-05,SKU024,18,11.203674465616247
2025-09-06,SKU024,19,15.17172670201526
2025-09-07,SKU024,17,14.370770626285761
2025-09-08,SKU024,10,10.652808342297481
2025-09-09,SKU024,12,11.08821403607803
2025-09-10,SKU024,9,11.674932074399724
2025-09-11,SKU024,14,11.780136044069536
2025-09-12,SKU024,6,11.584566773961033
2025-09-13,SKU024,9,14.85446623722338
2025-09-14,SKU024,19,14.704420721459783
2025-09-15,SKU024,13,10.962272619935767
2025-09-16,SKU024,13,11.184343257862738
2025-09-17,SKU024,8,11.43132501875978
2025-09-18,SKU024,10,11.729586782980707
2025-09-19,SKU024,10,11.256218792439215
2025-09-20,SKU024,11,16.141603071512183
2025-09-21,SKU024,19,14.900780118015145
2025-09-22,SKU024,7,10.847418057785392
2025-09-23,SKU024,12,11.199044044818008
2025-09-24,SKU024,11,11.264548470556859
2025-09-25,SKU024,11,11.621307830200378
2025-09-26,SKU024,9,11.656233629188447
2025-09-27,SKU024,13,15.448760063930877
2025-09-28,SKU024,17,15.339789659993814
2025-09-29,SKU024,9,10.528239039415908
2025-09-30,SKU024,11,11.188152149008804
2025-10-01,SKU024,5,11.575360891901346
2025-10-02,SKU024,10,11.599040222958633
2025-10-03,SKU024,14,11.624107993972224
2025-10-04,SKU024,7,11.465850225891677
2025-10-05,SKU024,13,11.1876206945706
2025-10-06,SKU024,10,10.046712632763029
2025-10-07,SKU024,6,10.049818065905658
2025-10-08,SKU024,10,10.459943649637818
2025-10-09,SKU024,12,10.125280550804739
2025-10-10,SKU024,10,9.863664500807205
2025-10-11,SKU024,10,11.673106926203399
2025-10-12,SKU024,7,11.511096227063597
2025-10-13,SKU024,13,9.523742535495188
2025-10-14,SKU024,12,9.048123840958432
2025-10-15,SKU024,12,9.163286231226094
2025-10-16,SKU024,10,9.526315596800229
2025-10-17,SKU024,10,9.449788018718683
2025-10-18,SKU024,8,11.442009153380338
2025-10-19,SKU024,10,11.393935863128402
2025-10-20,SKU024,12,8.429977208771376
2025-10-21,SKU024,10,8.84353507280841
2025-10-22,SKU024,12,9.021207371101863
2025-10-23,SKU024,11,9.139744449378902
2025-10-24,SKU024,10,9.069005752217755
2025-10-25,SKU024,10,11.428574375616455
2025-10-26,SKU024,17,11.218354266932101
2025-10-27,SKU024,12,8.798370100166439
2025-10-28,SKU024,8,9.175499797205605
2025-10-29,SKU024,9,8.895872575088799
2025-10-30,SKU024,8,8.960548818304064
2025-10-31,SKU024,9,9.253359769577724
2025-11-01,SKU024,13,15.862965158915799
2025-11-02,SKU024,24,14.706310171932996
2025-11-03,SKU024,14,10.40645495059387
2025-11-04,SKU024,11,10.696393029961081
2025-11-05,SKU024,5,10.854568896093829
2025-11-06,SKU024,18,10.925439032248628
2025-11-07,SKU024,9,10.314197472132442
2025-11-08,SKU024,11,14.979569043396234
2025-11-09,SKU024,14,13.960438180136238
2025-11-10,SKU024,7,11.51653630867881
2025-11-11,SKU024,11,10.730057913389462
2025-11-12,SKU024,11,11.58991940484085
2025-11-13,SKU024,12,11.04779216274075
2025-11-14,SKU024,13,10.387120763954153
2025-11-15,SKU024,5,15.136397232888742
2025-11-16,SKU024,23,15.874068970049004
2025-11-17,SKU024,9,10.532470080603735
2025-11-18,SKU024,14,10.261326065412081
2025-11-19,SKU024,9,11.426824414163846
2025-11-20,SKU024,7,10.669097838801887
2025-11-21,SKU024,9,10.369669477108793
2025-11-22,SKU024,19,16.00622316839721
2025-11-23,SKU024,13,13.894903052364903
2025-11-24,SKU024,5,10.335714081173464
2025-11-25,SKU024,7,11.393630168057003
2025-11-26,SKU024,12,10.286366872451097
2025-11-27,SKU024,8,10.39289068839005
2025-11-28,SKU024,10,10.318437980629199
2025-11-29,SKU024,20,16.178111095662945
2025-11-30,SKU024,14,14.462907069522451
2025-12-01,SKU024,13,12.214610151399329
2025-12-02,SKU024,11,11.66712107027037
2025-12-03,SKU024,15,11.699566430013341
2025-12-04,SKU024,11,11.039641562799453
2025-12-05,SKU024,12,10.492824961307115
2025-12-06,SKU024,15,13.920016596178858
2025-12-07,SKU024,16,12.37662030192708
2025-12-08,SKU024,7,11.241334880018035
2025-12-09,SKU024,9,11.348362591132457
2025-12-10,SKU024,5,11.800171412004675
2025-12-11,SKU024,14,12.007290317496135
2025-12-12,SKU024,12,11.028564328574598
2025-12-13,SKU024,15,11.95250694592739
2025-12-14,SKU024,10,11.587116778183235
2025-12-15,SKU024,11,11.24029070438332
2025-12-16,SKU024,10,11.888572868224326
2025-12-17,SKU024,10,12.28940692848004
2025-12-18,SKU024,15,12.544219539351172
2025-12-19,SKU024,14,11.440004813345892
2025-12-20,SKU024,16,12.011718514885
2025-12-21,SKU024,9,12.27056037035885
2025-12-22,SKU024,10,11.549997063254231
2025-12-23,SKU024,14,11.423428041538786
2025-12-24,SKU024,5,11.25684540639867
2025-12-25,SKU024,13,12.17201497798574
2025-12-26,SKU024,9,12.03009228956877
2025-12-27,SKU024,14,11.65043776247071
2025-12-28,SKU024,6,11.664398606837143
2025-12-29,SKU024,9,11.805916652742148
2025-12-30,SKU024,9,12.228298766481698
2025-12-31,SKU024,9,11.797063797886096
2025-08-13,SKU025,1,2.3085587685533735
2025-08-14,SKU025,0,2.6157021382218044
2025-08-15,SKU025,3,3.0427786732587236
2025-08-16,SKU025,4,2.743591379398714
2025-08-17,SKU025,1,2.999565054685494
2025-08-18,SKU025,4,2.411552089606876
2025-08-19,SKU025,3,2.42942824211344
2025-08-20,SKU025,3,2.5767273715853567
2025-08-21,SKU025,1,2.6916593223897056
2025-08-22,SKU025,0,2.767914878164311
2025-08-23,SKU025,5,2.6063593776667693
2025-08-24,SKU025,2,2.799213816415825
2025-08-25,SKU025,2,2.476718876717411
2025-08-26,SKU025,3,2.7561694227077282
2025-08-27,SKU025,7,2.71823907194538
2025-08-28,SKU025,3,2.5017032342525583
2025-08-29,SKU025,5,2.7478902836727217
2025-08-30,SKU025,1,3.448213306246743
2025-08-31,SKU025,1,3.0721855354052554
2025-09-01,SKU025,4,2.4909364743867624
2025-09-02,SKU025,1,2.8423139993858477
2025-09-03,SKU025,4,2.4991454758588163
2025-09-04,SKU025,1,2.54445373377877
2025-09-05,SKU025,3,2.7003238435002017
2025-09-06,SKU025,2,4.222596311683417
2025-09-07,SKU025,2,4.169325988380646
2025-09-08,SKU025,1,2.235486014439749
2025-09-09,SKU025,1,2.332896483645825
2025-09-10,SKU025,2,2.6179145565817974
2025-09-11,SKU025,4,2.3366784487559302
2025-09-12,SKU025,4,2.7966102472667353
2025-09-13,SKU025,2,3.820345070037039
2025-09-14,SKU025,2,2.876444450210583
2025-09-15,SKU025,3,1.9392143253022653
2025-09-16,SKU025,3,2.2684268129593717
2025-09-17,SKU025,2,2.450808279289704
2025-09-18,SKU025,3,2.621506984159134
2025-09-19,SKU025,0,2.746775973958159
2025-09-20,SKU025,2,3.475631176779028
2025-09-21,SKU025,3,2.94439090128351
2025-09-22,SKU025,1,2.376686451336431
2025-09-23,SKU025,2,2.70176574569547
2025-09-24,SKU025,3,2.447803375573191
2025-09-25,SKU025,5,2.5743023744584077
2025-09-26,SKU025,2,2.5202709179831637
2025-09-27,SKU025,4,2.0049468470717966
2025-09-28,SKU025,4,1.8819365014229215
2025-09-29,SKU025,2,2.4505195848217953
2025-09-30,SKU025,1,2.5961305253141522
2025-10-01,SKU025,1,2.7372359495775043
2025-10-02,SKU025,0,2.3716285147213467
2025-10-03,SKU025,1,2.507953382626715
2025-10-04,SKU025,4,2.645076242884159
2025-10-05,SKU025,3,2.6824101943842464
2025-10-06,SKU025,1,2.2643269381833453
2025-10-07,SKU025,3,2.3712918859213197
2025-10-08,SKU025,2,2.3902122678700106
2025-10-09,SKU025,2,2.2042545699889895
2025-10-10,SKU025,3,2.5099097488061606
2025-10-11,SKU025,2,2.5508035178367794
2025-10-12,SKU025,0,2.8399967108488937
2025-10-13,SKU025,2,2.217259492691539
2025-10-14,SKU025,3,2.5900187142863182
2025-10-15,SKU025,1,2.311917024401062
2025-10-16,SKU025,3,2.1608012291935434
2025-10-17,SKU025,2,2.3852509996102174
2025-10-18,SKU025,2,2.662665509872202
2025-10-19,SKU025,4,2.8689949684689537
2025-10-20,SKU025,4,2.2160588524760545
2025-10-21,SKU025,2,2.6980653760589375
2025-10-22,SKU025,2,2.399296920177265
2025-10-23,SKU025,2,2.5842659074991237
2025-10-24,SKU025,3,2.540128818400168
2025-10-25,SKU025,2,2.8204061605892523
2025-10-26,SKU025,2,2.730792817106064
2025-10-27,SKU025,3,2.4963129580870373
2025-10-28,SKU025,0,2.4723533162868647
2025-10-29,SKU025,3,2.1764489631532733
2025-10-30,SKU025,1,2.199185206393393
2025-10-31,SKU025,2,2.52561428584673
2025-11-01,SKU025,6,3.804044561397047
2025-11-02,SKU025,5,3.2813689134360984
2025-11-03,SKU025,3,2.7312231655170933
2025-11-04,SKU025,4,2.655109212860126
2025-11-05,SKU025,4,2.8907764369114686
2025-11-06,SKU025,1,2.491474724787204
2025-11-07,SKU025,2,2.7179021260169356
2025-11-08,SKU025,1,2.550138914397837
2025-11-09,SKU025,3,2.3123730440489383
2025-11-10,SKU025,3,2.4584225762644687
2025-11-11,SKU025,0,2.547047936353051
2025-11-12,SKU025,4,2.5149378333134407
2025-11-13,SKU025,1,2.212444852547656
2025-11-14,SKU025,2,2.467834708099309
2025-11-15,SKU025,5,4.858859926053869
2025-11-16,SKU025,3,3.0202263475665534
2025-11-17,SKU025,2,2.4824961131077417
2025-11-18,SKU025,0,2.381899624130909
2025-11-19,SKU025,2,2.6146589830652682
2025-11-20,SKU025,0,2.2892034254969684
2025-11-21,SKU025,1,2.543628838701716
2025-11-22,SKU025,4,3.68809241476254
2025-11-23,SKU025,3,3.6262546811654897
2025-11-24,SKU025,0,2.2078562850985084
2025-11-25,SKU025,2,2.2625686189971126
2025-11-26,SKU025,1,2.483784339299762
2025-11-27,SKU025,1,2.3118203134084094
2025-11-28,SKU025,1,2.621228128310851
2025-11-29,SKU025,0,3.829024735823121
2025-11-30,SKU025,4,3.958959163689952
2025-12-01,SKU025,1,2.572101821238487
2025-12-02,SKU025,3,2.63852610314282
2025-12-03,SKU025,0,2.573494313059921
2025-12-04,SKU025,3,2.503857314831321
2025-12-05,SKU025,2,2.608620544539861
2025-12-06,SKU025,4,2.892780903588324
2025-12-07,SKU025,5,3.0505167210744992
2025-12-08,SKU025,0,2.776780343071556
2025-12-09,SKU025,1,2.999188114299616
2025-12-10,SKU025,3,2.362866769844243
2025-12-11,SKU025,1,2.7899540255762196
2025-12-12,SKU025,2,2.730954561991555
2025-12-13,SKU025,4,3.0708959482585523
2025-12-14,SKU025,2,3.1658215932668248
2025-12-15,SKU025,3,2.3499526654456924
2025-12-16,SKU025,1,2.5962122794808904
2025-12-17,SKU025,2,2.930674426642519
2025-12-18,SKU025,2,2.446552049076911
2025-12-19,SKU025,1,2.6753336909127112
2025-12-20,SKU025,3,3.1307011712935893
2025-12-21,SKU025,2,3.442473177125558
2025-12-22,SKU025,3,3.290641466666159
2025-12-23,SKU025,1,2.3910327040704376
2025-12-24,SKU025,1,2.4777455189490256
2025-12-25,SKU025,3,2.4420476187800557
2025-12-26,SKU025,1,2.356322672573623
2025-12-27,SKU025,5,3.113023412089425
2025-12-28,SKU025,2,3.279137763542469
2025-12-29,SKU025,2,2.795812934593643
2025-12-30,SKU025,4,2.334538542716477
2025-12-31,SKU025,1,2.514707991683265
2025-08-13,SKU026,17,20.82324859523486
2025-08-14,SKU026,13,19.491371263350207
2025-08-15,SKU026,16,21.169152371178185
2025-08-16,SKU026,24,20.896938348315445
2025-08-17,SKU026,20,20.87110243575362
2025-08-18,SKU026,22,18.834682371263654
2025-08-19,SKU026,19,20.355301028065757
2025-08-20,SKU026,14,21.125671161651102
2025-08-21,SKU026,15,20.010331569446304
2025-08-22,SKU026,12,20.276291187754385
2025-08-23,SKU026,22,21.950117983121626
2025-08-24,SKU026,19,21.845601265036457
2025-08-25,SKU026,14,17.890621164105397
2025-08-26,SKU026,20,17.101070993473517
2025-08-27,SKU026,19,17.11306948839714
2025-08-28,SKU026,16,17.66388951342532
2025-08-29,SKU026,19,17.26583422666405
2025-08-30,SKU026,19,20.897867391432197
2025-08-31,SKU026,22,22.047536237699777
2025-09-01,SKU026,18,17.203666459876246
2025-09-02,SKU026,22,17.766674875379966
2025-09-03,SKU026,24,17.554138136302313
2025-09-04,SKU026,21,17.465753191419694
2025-09-05,SKU026,18,17.62130247115082
2025-09-06,SKU026,27,25.427395178751098
2025-09-07,SKU026,23,24.712828443249897
2025-09-08,SKU026,12,18.13724732955364
2025-09-09,SKU026,24,17.970832284319574
2025-09-10,SKU026,13,18.20990736602348
2025-09-11,SKU026,17,17.81952600140048
2025-09-12,SKU026,16,17.85547037890474
2025-09-13,SKU026,24,24.4067373008097
2025-09-14,SKU026,18,23.98467422939359
2025-09-15,SKU026,16,17.250434667978492
2025-09-16,SKU026,12,17.286690633674443
2025-09-17,SKU026,13,16.923559230556773
2025-09-18,SKU026,24,16.685182596048893
2025-09-19,SKU026,20,17.391966175089827
2025-09-20,SKU026,25,23.48052979025471
2025-09-21,SKU026,28,21.514830379103383
2025-09-22,SKU026,9,17.587893031656296
2025-09-23,SKU026,25,17.153362367218495
2025-09-24,SKU026,21,17.41787538880459
2025-09-25,SKU026,19,18.05293260489638
2025-09-26,SKU026,16,18.044830813486243
2025-09-27,SKU026,18,26.24455449385685
2025-09-28,SKU026,24,25.07648699408288
2025-09-29,SKU026,21,17.410495926223188
2025-09-30,SKU026,15,17.831921254570545
2025-10-01,SKU026,17,17.860274549339728
2025-10-02,SKU026,18,17.506241780615355
2025-10-03,SKU026,12,17.453722496310565
2025-10-04,SKU026,18,22.043650434642007
2025-10-05,SKU026,13,20.15420539835053
2025-10-06,SKU026,15,16.27350540373203
2025-10-07,SKU026,17,16.644940370538837
2025-10-08,SKU026,15,16.687022826244075
2025-10-09,SKU026,19,16.1248317212672
2025-10-10,SKU026,19,16.652278951029782
2025-10-11,SKU026,21,17.37249614582038
2025-10-12,SKU026,29,18.18063873879131
2025-10-13,SKU026,22,17.457793181600707
2025-10-14,SKU026,15,17.363999002762107
2025-10-15,SKU026,16,17.73691384710003
2025-10-16,SKU026,15,17.987990823162168
2025-10-17,SKU026,20,17.255495819816158
2025-10-18,SKU026,22,19.811254414418705
2025-10-19,SKU026,28,19.4661107441613
2025-10-20,SKU026,23,17.67451376267988
2025-10-21,SKU026,10,17.498742955964207
2025-10-22,SKU026,18,17.386849488706975
2025-10-23,SKU026,16,16.68383291756995
2025-10-24,SKU026,25,16.67701891501314
2025-10-25,SKU026,17,18.603111517864075
2025-10-26,SKU026,15,19.768549945511907
2025-10-27,SKU026,21,16.684146115620784
2025-10-28,SKU026,19,16.812865687829504
2025-10-29,SKU026,15,16.798748834432214
2025-10-30,SKU026,21,16.90242763069927
2025-10-31,SKU026,20,16.910420267982204
2025-11-01,SKU026,21,23.288856065526687
2025-11-02,SKU026,24,23.57283649779172
2025-11-03,SKU026,14,17.937523253559775
2025-11-04,SKU026,24,17.93731852617844
2025-11-05,SKU026,7,17.876720345918883
2025-11-06,SKU026,22,17.558660302253035
2025-11-07,SKU026,18,17.906941757446628
2025-11-08,SKU026,19,27.238558337961184
2025-11-09,SKU026,23,27.066659578054328
2025-11-10,SKU026,19,17.555972432335793
2025-11-11,SKU026,21,17.69587294828581
2025-11-12,SKU026,9,16.892998230390937
2025-11-13,SKU026,10,17.766740333316417
2025-11-14,SKU026,18,17.367459115369925
2025-11-15,SKU026,25,23.843969040655058
2025-11-16,SKU026,28,25.11852853854543
2025-11-17,SKU026,16,17.56101495901595
2025-11-18,SKU026,14,16.834463715325622
2025-11-19,SKU026,13,17.496011866220137
2025-11-20,SKU026,18,16.96636160805244
2025-11-21,SKU026,22,17.068301531479232
2025-11-22,SKU026,15,26.130122654886044
2025-11-23,SKU026,30,25.34985369723214
2025-11-24,SKU026,16,17.837893958030822
2025-11-25,SKU026,8,17.296976168866625
2025-11-26,SKU026,11,16.846679907720308
2025-11-27,SKU026,19,16.688020778711067
2025-11-28,SKU026,23,16.594174484456683
2025-11-29,SKU026,25,22.15787845531028
2025-11-30,SKU026,24,26.46711979993518
2025-12-01,SKU026,23,17.046744870917546
2025-12-02,SKU026,21,17.611693429057198
2025-12-03,SKU026,23,17.35250367326541
2025-12-04,SKU026,18,19.444415075979894
2025-12-05,SKU026,18,19.305698217692672
2025-12-06,SKU026,21,22.269421153286142
2025-12-07,SKU026,33,21.034545393055296
2025-12-08,SKU026,17,20.200928804906557
2025-12-09,SKU026,18,19.564428770041378
2025-12-10,SKU026,17,19.25066429215467
2025-12-11,SKU026,19,20.40266159905981
2025-12-12,SKU026,11,19.182658216291983
2025-12-13,SKU026,21,21.82005968982328
2025-12-14,SKU026,25,21.626627596800788
2025-12-15,SKU026,16,19.679201868535657
2025-12-16,SKU026,22,19.997684000802924
2025-12-17,SKU026,26,19.18177284264867
2025-12-18,SKU026,23,18.453901943612294
2025-12-19,SKU026,20,18.461145364443958
2025-12-20,SKU026,29,23.547407610743612
2025-12-21,SKU026,20,23.43295047456413
2025-12-22,SKU026,20,18.241253198473984
2025-12-23,SKU026,27,18.704296546467276
2025-12-24,SKU026,14,20.50291188723033
2025-12-25,SKU026,15,20.1689588082539
2025-12-26,SKU026,17,20.28614652224107
2025-12-27,SKU026,16,23.01976926223016
2025-12-28,SKU026,26,22.54396058737521
2025-12-29,SKU026,14,18.689286797306373
2025-12-30,SKU026,21,18.15185287842783
2025-12-31,SKU026,20,17.752323962055247
2025-08-13,SKU027,22,19.11840682519834
2025-08-14,SKU027,25,19.570140837477727
2025-08-15,SKU027,20,19.596439057462604
2025-08-16,SKU027,20,21.039574042561103
2025-08-17,SKU027,23,20.297623711027303
2025-08-18,SKU027,21,18.258252962670923
2025-08-19,SKU027,18,18.829584376823775
2025-08-20,SKU027,25,18.432709646953814
2025-08-21,SKU027,23,18.699085229088688
2025-08-22,SKU027,18,18.68169004709926
2025-08-23,SKU027,17,20.88393258071015
2025-08-24,SKU027,23,20.45863940156741
2025-08-25,SKU027,23,17.6983550591913
2025-08-26,SKU027,17,17.29569946013404
2025-08-27,SKU027,20,18.108354407680544
2025-08-28,SKU027,24,18.02996154955182
2025-08-29,SKU027,21,18.084846459404957
2025-08-30,SKU027,16,19.89552348709232
2025-08-31,SKU027,17,19.88856327736473
2025-09-01,SKU027,19,17.949002165966096
2025-09-02,SKU027,18,18.05937185539629
2025-09-03,SKU027,15,18.074722061325286
2025-09-04,SKU027,26,18.353293679898663
2025-09-05,SKU027,25,18.24206379123722
2025-09-06,SKU027,28,24.80361882129512
2025-09-07,SKU027,36,24.679296397579687
2025-09-08,SKU027,13,21.00865110538252
2025-09-09,SKU027,24,20.401516970581945
2025-09-10,SKU027,16,20.456942872294444
2025-09-11,SKU027,25,20.096939062240033
2025-09-12,SKU027,15,20.183546366646766
2025-09-13,SKU027,29,26.935280164098536
2025-09-14,SKU027,21,27.06368430087463
2025-09-15,SKU027,31,20.73771475122118
2025-09-16,SKU027,23,19.9239147555198
2025-09-17,SKU027,15,20.19701695406984
2025-09-18,SKU027,18,19.743695473201313
2025-09-19,SKU027,21,20.029162786477713
2025-09-20,SKU027,26,25.826672070284385
2025-09-21,SKU027,24,28.606541977937624
2025-09-22,SKU027,19,19.761280075203572
2025-09-23,SKU027,22,19.81852409653703
2025-09-24,SKU027,14,20.343845485122877
2025-09-25,SKU027,22,19.518598029198206
2025-09-26,SKU027,19,19.537250792150907
2025-09-27,SKU027,27,28.206605066489306
2025-09-28,SKU027,27,25.904875580287676
2025-09-29,SKU027,20,20.097870483485295
2025-09-30,SKU027,17,20.070309039573687
2025-10-01,SKU027,24,20.262800841266355
2025-10-02,SKU027,20,19.815096309765238
2025-10-03,SKU027,28,20.940991024772433
2025-10-04,SKU027,21,22.99570512453348
2025-10-05,SKU027,21,23.587743882582277
2025-10-06,SKU027,28,20.200424988563242
2025-10-07,SKU027,21,20.485521688112502
2025-10-08,SKU027,17,19.49519148614498
2025-10-09,SKU027,19,19.378066928695876
2025-10-10,SKU027,23,19.38398416277117
2025-10-11,SKU027,26,23.08285730100104
2025-10-12,SKU027,15,22.796309707544214
2025-10-13,SKU027,18,19.90622926133546
2025-10-14,SKU027,17,20.048484249882595
2025-10-15,SKU027,21,20.451596744249365
2025-10-16,SKU027,18,19.82133109782019
2025-10-17,SKU027,10,19.728657094730416
2025-10-18,SKU027,21,22.251482006034276
2025-10-19,SKU027,22,21.638118755168303
2025-10-20,SKU027,13,18.254097160321756
2025-10-21,SKU027,14,17.844431198378
2025-10-22,SKU027,22,17.39689056558788
2025-10-23,SKU027,16,17.793521995214814
2025-10-24,SKU027,22,17.55080410467989
2025-10-25,SKU027,17,20.689527027439123
2025-10-26,SKU027,26,20.28428912379796
2025-10-27,SKU027,18,17.88551501585589
2025-10-28,SKU027,23,18.00577356251253
2025-10-29,SKU027,21,17.8817529271315
2025-10-30,SKU027,13,17.895504297990236
2025-10-31,SKU027,13,18.166408034310734
2025-11-01,SKU027,28,26.323230141981433
2025-11-02,SKU027,20,26.86760214200095
2025-11-03,SKU027,25,18.36381166234752
2025-11-04,SKU027,12,18.16994210344461
2025-11-05,SKU027,11,17.886888021879003
2025-11-06,SKU027,29,17.509938784524632
2025-11-07,SKU027,16,18.014650163345717
2025-11-08,SKU027,30,26.089546998786844
2025-11-09,SKU027,24,26.312018016555076
2025-11-10,SKU027,18,18.15750681542851
2025-11-11,SKU027,16,17.794477284726774
2025-11-12,SKU027,19,18.01746716972334
2025-11-13,SKU027,17,18.551042079691737
2025-11-14,SKU027,23,17.932098005182308
2025-11-15,SKU027,26,24.844167536049728
2025-11-16,SKU027,30,26.668369724224537
2025-11-17,SKU027,23,18.210907883287785
2025-11-18,SKU027,31,18.707252704028935
2025-11-19,SKU027,21,20.03281413220383
2025-11-20,SKU027,15,19.95411693047419
2025-11-21,SKU027,21,19.746764209460007
2025-11-22,SKU027,22,26.477913526608372
2025-11-23,SKU027,30,28.408433951496118
2025-11-24,SKU027,20,20.59153283527915
2025-11-25,SKU027,23,20.330161567596736
2025-11-26,SKU027,17,20.30307079450829
2025-11-27,SKU027,21,20.24904734324303
2025-11-28,SKU027,22,19.668826494554967
2025-11-29,SKU027,38,27.539601518938625
2025-11-30,SKU027,21,29.746500093011544
2025-12-01,SKU027,23,21.743833094385955
2025-12-02,SKU027,25,21.03850863826546
2025-12-03,SKU027,14,20.885816386166113
2025-12-04,SKU027,16,20.442964135017593
2025-12-05,SKU027,24,21.70942491022694
2025-12-06,SKU027,25,23.663911124942924
2025-12-07,SKU027,26,25.39397992639923
2025-12-08,SKU027,14,20.26387411651954
2025-12-09,SKU027,21,19.488071846326026
2025-12-10,SKU027,24,20.222296435504646
2025-12-11,SKU027,25,20.36888602603457
2025-12-12,SKU027,27,20.48719255958742
2025-12-13,SKU027,20,24.66241535651794
2025-12-14,SKU027,30,24.021524701911744
2025-12-15,SKU027,23,20.952531447114488
2025-12-16,SKU027,29,21.023115166526246
2025-12-17,SKU027,21,20.800356514126307
2025-12-18,SKU027,30,21.11873582882472
2025-12-19,SKU027,22,20.969915245494885
2025-12-20,SKU027,31,24.85085986464462
2025-12-21,SKU027,26,24.049875844899383
2025-12-22,SKU027,22,19.96212071139342
2025-12-23,SKU027,20,20.276510057055635
2025-12-24,SKU027,27,20.957678277257695
2025-12-25,SKU027,16,21.19858779000599
2025-12-26,SKU027,19,21.104192776238868
2025-12-27,SKU027,21,24.22382316485185
2025-12-28,SKU027,19,24.391822655349085
2025-12-29,SKU027,21,19.448391002154473
2025-12-30,SKU027,23,19.617116456468334
2025-12-31,SKU027,23,20.35484726355413
2025-08-13,SKU028,5,4.762137333476448
2025-08-14,SKU028,4,4.481216519244615
2025-08-15,SKU028,6,5.1074515605025255
2025-08-16,SKU028,4,5.13164694527805
2025-08-17,SKU028,5,4.981927184169382
2025-08-18,SKU028,7,4.614428957835128
2025-08-19,SKU028,4,4.835575821307003
2025-08-20,SKU028,5,4.817011477106575
2025-08-21,SKU028,5,4.872579592873104
2025-08-22,SKU028,3,5.041410959859311
2025-08-23,SKU028,2,5.075920212321728
2025-08-24,SKU028,1,4.858958109007717
2025-08-25,SKU028,8,4.525418848028372
2025-08-26,SKU028,5,4.6435572966646195
2025-08-27,SKU028,5,4.620773060709101
2025-08-28,SKU028,4,4.694653875410453
2025-08-29,SKU028,8,4.7626521053575175
2025-08-30,SKU028,8,4.843701361332888
2025-08-31,SKU028,7,5.339474437161625
2025-09-01,SKU028,6,4.407894937524993
2025-09-02,SKU028,5,4.937145077445064
2025-09-03,SKU028,4,4.962772437643818
2025-09-04,SKU028,3,4.797315804381829
2025-09-05,SKU028,7,4.208301047508653
2025-09-06,SKU028,3,6.80418749342648
2025-09-07,SKU028,7,5.724900070283302
2025-09-08,SKU028,5,4.397649197086265
2025-09-09,SKU028,7,4.396056859922354
2025-09-10,SKU028,3,4.67062819071979
2025-09-11,SKU028,2,4.392131417198577
2025-09-12,SKU028,8,4.191062426050107
2025-09-13,SKU028,2,6.374833096485642
2025-09-14,SKU028,9,5.871946655460822
2025-09-15,SKU028,3,4.713514905901488
2025-09-16,SKU028,9,4.1366914414425295
2025-09-17,SKU028,2,4.5812058677301435
2025-09-18,SKU028,5,4.391289205971761
2025-09-19,SKU028,4,4.107724434553019
2025-09-20,SKU028,7,6.949968108972931
2025-09-21,SKU028,4,6.041245648694919
2025-09-22,SKU028,3,4.754721268087785
2025-09-23,SKU028,4,4.558301352166328
2025-09-24,SKU028,4,4.53012439149636
2025-09-25,SKU028,7,4.817055763508641
2025-09-26,SKU028,2,4.860672827971937
2025-09-27,SKU028,4,6.363679825127795
2025-09-28,SKU028,6,5.32199939645274
2025-09-29,SKU028,3,4.6961924473337
2025-09-30,SKU028,4,4.673250690918531
2025-10-01,SKU028,2,4.640162813839185
2025-10-02,SKU028,2,4.744535136546553
2025-10-03,SKU028,3,4.754142500689539
2025-10-04,SKU028,3,4.786675152672101
2025-10-05,SKU028,1,4.78698966673936
2025-10-06,SKU028,2,5.328902041072229
2025-10-07,SKU028,5,5.122719686391933
2025-10-08,SKU028,5,4.859305550153698
2025-10-09,SKU028,4,4.98889001548117
2025-10-10,SKU028,4,5.392052907149933
2025-10-11,SKU028,6,4.808487605487281
2025-10-12,SKU028,5,5.238498960333978
2025-10-13,SKU028,5,4.8165545866085555
2025-10-14,SKU028,1,5.197097117852627
2025-10-15,SKU028,6,3.1094550854912217
2025-10-16,SKU028,6,3.036088938904081
2025-10-17,SKU028,2,3.2216224522043397
2025-10-18,SKU028,4,3.8972030024039186
2025-10-19,SKU028,8,3.8833455192073156
2025-10-20,SKU028,6,3.6007418936037157
2025-10-21,SKU028,3,4.9690692691667495
2025-10-22,SKU028,4,4.8128918106077245
2025-10-23,SKU028,4,4.894088487795404
2025-10-24,SKU028,7,3.152207855868741
2025-10-25,SKU028,2,5.176095649866645
2025-10-26,SKU028,4,5.108523802340036
2025-10-27,SKU028,2,3.772688957949301
2025-10-28,SKU028,6,3.105600231705132
2025-10-29,SKU028,3,3.0541648003970527
2025-10-30,SKU028,5,5.031228969440952
2025-10-31,SKU028,3,5.315308113973816
2025-11-01,SKU028,10,6.810797725164258
2025-11-02,SKU028,2,5.700879370848817
2025-11-03,SKU028,0,4.286309585325561
2025-11-04,SKU028,7,4.969038456961858
2025-11-05,SKU028,4,4.50205967476169
2025-11-06,SKU028,3,4.5271677868073406
2025-11-07,SKU028,4,5.18068476395661
2025-11-08,SKU028,7,4.455506038941802
2025-11-09,SKU028,5,5.924056364963875
2025-11-10,SKU028,7,5.05308847283967
2025-11-11,SKU028,7,4.216270632513638
2025-11-12,SKU028,3,4.461510004881691
2025-11-13,SKU028,10,4.550308583926621
2025-11-14,SKU028,3,4.7352149061296585
2025-11-15,SKU028,3,6.641324073467736
2025-11-16,SKU028,7,6.344830829425912
2025-11-17,SKU028,4,4.08191920113448
2025-11-18,SKU028,3,4.374599005654005
2025-11-19,SKU028,9,4.760056759103623
2025-11-20,SKU028,5,4.019984875028409
2025-11-21,SKU028,4,4.616773882195064
2025-11-22,SKU028,8,6.893585527318545
2025-11-23,SKU028,6,6.493233194500686
2025-11-24,SKU028,5,4.5067807461155995
2025-11-25,SKU028,6,4.608620187616124
2025-11-26,SKU028,4,4.6089540303606205
2025-11-27,SKU028,5,4.95444830902689
2025-11-28,SKU028,4,5.230526130007235
2025-11-29,SKU028,6,7.213862442050814
2025-11-30,SKU028,4,6.245565371352041
2025-12-01,SKU028,7,5.413505704223061
2025-12-02,SKU028,4,5.342624557414841
2025-12-03,SKU028,9,5.025882118934844
2025-12-04,SKU028,4,5.583445771725769
2025-12-05,SKU028,5,6.3318417421429185
2025-12-06,SKU028,2,6.824360300439919
2025-12-07,SKU028,9,7.085414062616103
2025-12-08,SKU028,2,5.251025233344884
2025-12-09,SKU028,3,5.3401138306249685
2025-12-10,SKU028,5,5.048943959409232
2025-12-11,SKU028,1,5.140490702909139
2025-12-12,SKU028,5,5.669177704206902
2025-12-13,SKU028,3,5.567985824656342
2025-12-14,SKU028,6,5.542088546875499
2025-12-15,SKU028,6,5.849560794150562
2025-12-16,SKU028,3,5.427088002758202
2025-12-17,SKU028,4,5.34815305214443
2025-12-18,SKU028,4,5.7539649012882
2025-12-19,SKU028,2,5.7443502054112665
2025-12-20,SKU028,1,6.005940269474338
2025-12-21,SKU028,2,5.382104342666455
2025-12-22,SKU028,3,5.655526562288158
2025-12-23,SKU028,6,6.354114191998771
2025-12-24,SKU028,6,6.072433906846203
2025-12-25,SKU028,6,6.091256073659722
2025-12-26,SKU028,5,6.029006743471926
2025-12-27,SKU028,4,5.876948312494393
2025-12-28,SKU028,1,6.284351328223762
2025-12-29,SKU028,4,6.123156663402222
2025-12-30,SKU028,7,5.738802162683766
2025-12-31,SKU028,3,5.69664752773284
2025-08-13,SKU029,14,13.91697323770416
2025-08-14,SKU029,18,14.03406826479895
2025-08-15,SKU029,9,13.684635776409191
2025-08-16,SKU029,17,17.288691457998365
2025-08-17,SKU029,20,14.659234517289601
2025-08-18,SKU029,13,14.201926180643431
2025-08-19,SKU029,19,13.886295640763585
2025-08-20,SKU029,18,13.939979192724552
2025-08-21,SKU029,17,14.090106269183098
2025-08-22,SKU029,16,14.307174913127188
2025-08-23,SKU029,17,16.316618463547346
2025-08-24,SKU029,14,16.616979568943023
2025-08-25,SKU029,13,13.91025852038728
2025-08-26,SKU029,18,13.846195051624939
2025-08-27,SKU029,11,13.807857493969731
2025-08-28,SKU029,11,13.33827801355581
2025-08-29,SKU029,20,12.738646346963083
2025-08-30,SKU029,13,17.509469818091738
2025-08-31,SKU029,17,16.57510023479685
2025-09-01,SKU029,12,14.047490888170858
2025-09-02,SKU029,13,14.107102077245477
2025-09-03,SKU029,13,13.810919038534331
2025-09-04,SKU029,14,13.94164144143557
2025-09-05,SKU029,11,13.67360575402679
2025-09-06,SKU029,15,19.10398434753515
2025-09-07,SKU029,12,18.532714440905195
2025-09-08,SKU029,15,13.796407294809855
2025-09-09,SKU029,14,13.628032978311222
2025-09-10,SKU029,9,13.245672606119985
2025-09-11,SKU029,14,13.492179804552542
2025-09-12,SKU029,8,13.30895608019113
2025-09-13,SKU029,12,18.776651295233826
2025-09-14,SKU029,17,17.89706576051776
2025-09-15,SKU029,14,13.237089905025591
2025-09-16,SKU029,11,13.24525616633465
2025-09-17,SKU029,8,13.017071848986665
2025-09-18,SKU029,9,12.351709282027459
2025-09-19,SKU029,21,11.8769805733177
2025-09-20,SKU029,25,18.73106512608062
2025-09-21,SKU029,17,19.755853367430817
2025-09-22,SKU029,8,12.618673903643778
2025-09-23,SKU029,3,11.863350861371071
2025-09-24,SKU029,12,12.267113734183381
2025-09-25,SKU029,14,12.41051411736799
2025-09-26,SKU029,10,12.951988901961903
2025-09-27,SKU029,17,14.426523972341904
2025-09-28,SKU029,22,16.006378112419064
2025-09-29,SKU029,12,11.53554151417017
2025-09-30,SKU029,10,11.542212376493445
2025-10-01,SKU029,11,12.20996748893397
2025-10-02,SKU029,14,12.197608487039261
2025-10-03,SKU029,13,12.525829416703303
2025-10-04,SKU029,8,13.866587383189358
2025-10-05,SKU029,10,12.778741676095846
2025-10-06,SKU029,13,11.949923469449557
2025-10-07,SKU029,13,12.148325714656695
2025-10-08,SKU029,9,11.964573869169776
2025-10-09,SKU029,13,12.182416649597014
2025-10-10,SKU029,13,12.184302917206601
2025-10-11,SKU029,11,13.544390478204997
2025-10-12,SKU029,20,12.951312179997158
2025-10-13,SKU029,11,12.10369060200396
2025-10-14,SKU029,6,11.445311964026358
2025-10-15,SKU029,14,11.814757118881044
2025-10-16,SKU029,9,11.30819505650026
2025-10-17,SKU029,16,11.613815029148359
2025-10-18,SKU029,11,13.600754604375336
2025-10-19,SKU029,18,12.02642106148621
2025-10-20,SKU029,13,12.003486650229606
2025-10-21,SKU029,20,11.238661668363555
2025-10-22,SKU029,13,12.06946435311207
2025-10-23,SKU029,15,12.395090449422515
2025-10-24,SKU029,16,11.4235151425646
2025-10-25,SKU029,9,13.726550409711216
2025-10-26,SKU029,12,13.897327899869106
2025-10-27,SKU029,12,12.758867831855913
2025-10-28,SKU029,12,12.44535674920606
2025-10-29,SKU029,10,11.620631342257068
2025-10-30,SKU029,15,11.867268988761639
2025-10-31,SKU029,13,11.772827717192913
2025-11-01,SKU029,22,19.052230407217312
2025-11-02,SKU029,20,17.5669059320118
2025-11-03,SKU029,10,12.108311441760932
2025-11-04,SKU029,8,11.897594214567604
2025-11-05,SKU029,10,12.542169192428753
2025-11-06,SKU029,13,12.333173599866713
2025-11-07,SKU029,13,12.441509955405945
2025-11-08,SKU029,16,16.637582967719847
2025-11-09,SKU029,18,18.72686542494519
2025-11-10,SKU029,9,11.699991483014422
2025-11-11,SKU029,9,11.860511972246085
2025-11-12,SKU029,16,11.836119117215192
2025-11-13,SKU029,9,12.138280496727104
2025-11-14,SKU029,14,11.85435052325327
2025-11-15,SKU029,20,18.590449659406453
2025-11-16,SKU029,21,19.425913656385333
2025-11-17,SKU029,17,13.074104644949335
2025-11-18,SKU029,8,13.220758054446192
2025-11-19,SKU029,8,12.444863651047672
2025-11-20,SKU029,14,12.372039624969464
2025-11-21,SKU029,8,12.158295899667346
2025-11-22,SKU029,27,15.78408635149459
2025-11-23,SKU029,15,21.204559311735693
2025-11-24,SKU029,16,12.999197036448313
2025-11-25,SKU029,10,13.753567176243351
2025-11-26,SKU029,15,13.39527015028009
2025-11-27,SKU029,14,12.59870280682334
2025-11-28,SKU029,10,13.461250189836155
2025-11-29,SKU029,13,19.827997805166838
2025-11-30,SKU029,18,18.909096142218367
2025-12-01,SKU029,6,12.891438383236903
2025-12-02,SKU029,10,12.10909027576285
2025-12-03,SKU029,7,11.940908503891976
2025-12-04,SKU029,13,12.383086990743811
2025-12-05,SKU029,19,12.298005336033814
2025-12-06,SKU029,18,14.518098462747213
2025-12-07,SKU029,14,15.409142730131837
2025-12-08,SKU029,17,11.406286947883165
2025-12-09,SKU029,13,13.774551910138088
2025-12-10,SKU029,14,13.394181541620872
2025-12-11,SKU029,18,13.515132628614936
2025-12-12,SKU029,15,12.495520666591355
2025-12-13,SKU029,25,15.248691823391777
2025-12-14,SKU029,13,14.527632158863009
2025-12-15,SKU029,15,13.089069876012948
2025-12-16,SKU029,17,13.772445806749568
2025-12-17,SKU029,13,14.093756340091566
2025-12-18,SKU029,14,13.602068565737646
2025-12-19,SKU029,17,13.470392828819195
2025-12-20,SKU029,12,17.18462648199481
2025-12-21,SKU029,16,14.123248618570024
2025-12-22,SKU029,16,13.543920432728513
2025-12-23,SKU029,9,13.486331989542212
2025-12-24,SKU029,19,14.072550640399047
2025-12-25,SKU029,10,13.204878227502167
2025-12-26,SKU029,12,13.399359240049442
2025-12-27,SKU029,17,13.811865200995296
2025-12-28,SKU029,14,17.0972279224409
2025-12-29,SKU029,14,13.23318954024386
2025-12-30,SKU029,14,13.07331004797188
2025-12-31,SKU029,7,13.326277061145156
2025-08-13,SKU030,7,4.332915532835571
2025-08-14,SKU030,2,3.8830725664395453
2025-08-15,SKU030,3,4.430730286587879
2025-08-16,SKU030,5,4.600296284976923
2025-08-17,SKU030,5,4.8145698219721496
2025-08-18,SKU030,5,4.82026369943169
2025-08-19,SKU030,4,4.368004401908394
2025-08-20,SKU030,2,4.320868954365672
2025-08-21,SKU030,4,4.6228007623535685
2025-08-22,SKU030,6,4.506422450798494
2025-08-23,SKU030,8,4.598874234320465
2025-08-24,SKU030,7,4.621893504261492
2025-08-25,SKU030,6,4.20752464002744
2025-08-26,SKU030,5,4.280338155952409
2025-08-27,SKU030,0,4.294245404373603
2025-08-28,SKU030,5,4.545108066328511
2025-08-29,SKU030,3,4.466058622334756
2025-08-30,SKU030,6,4.488432386524741
2025-08-31,SKU030,7,4.612420438918538
2025-09-01,SKU030,2,4.2344700312503
2025-09-02,SKU030,3,4.242072404215566
2025-09-03,SKU030,1,4.581156944484317
2025-09-04,SKU030,4,4.356299413085227
2025-09-05,SKU030,4,4.411410377614172
2025-09-06,SKU030,6,5.4286272495207495
2025-09-07,SKU030,6,6.536517636330046
2025-09-08,SKU030,5,4.486270898956413
2025-09-09,SKU030,6,4.140476841003231
2025-09-10,SKU030,4,4.038197933209477
2025-09-11,SKU030,3,4.273883907135976
2025-09-12,SKU030,4,4.238219953286001
2025-09-13,SKU030,6,5.597859807437665
2025-09-14,SKU030,6,5.965016136043974
2025-09-15,SKU030,6,4.055760958847582
2025-09-16,SKU030,3,3.918938409605947
2025-09-17,SKU030,5,3.9559262132702786
2025-09-18,SKU030,2,4.061448670560943
2025-09-19,SKU030,6,4.029288765245393
2025-09-20,SKU030,4,6.018125639771058
2025-09-21,SKU030,6,5.264086079296086
2025-09-22,SKU030,6,4.500132340951396
2025-09-23,SKU030,6,4.2519075550521235
2025-09-24,SKU030,3,4.127570081479124
2025-09-25,SKU030,5,3.9806879267073687
2025-09-26,SKU030,6,3.899047456554523
2025-09-27,SKU030,7,5.934184144144632
2025-09-28,SKU030,8,6.384580437074439
2025-09-29,SKU030,3,4.480267254628979
2025-09-30,SKU030,5,4.289416935575974
2025-10-01,SKU030,3,4.286176428605554
2025-10-02,SKU030,4,4.48403629659217
2025-10-03,SKU030,4,4.505561996499236
2025-10-04,SKU030,2,4.492571157812317
2025-10-05,SKU030,6,4.721217717359668
2025-10-06,SKU030,2,4.69619741979949
2025-10-07,SKU030,1,4.34719071738934
2025-10-08,SKU030,3,3.9302598077638033
2025-10-09,SKU030,6,4.144498679854714
2025-10-10,SKU030,4,4.181501248515867
2025-10-11,SKU030,5,4.297963183076032
2025-10-12,SKU030,4,4.333410264504027
2025-10-13,SKU030,7,4.290476580642366
2025-10-14,SKU030,6,4.09054884989947
2025-10-15,SKU030,2,3.8603850541921445
2025-10-16,SKU030,4,3.968970722050276
2025-10-17,SKU030,3,4.0742161642463905
2025-10-18,SKU030,5,4.468259785094946
2025-10-19,SKU030,5,4.3721477672934235
2025-10-20,SKU030,3,4.264381799539609
2025-10-21,SKU030,3,4.392198243997914
2025-10-22,SKU030,6,3.9869379138153778
2025-10-23,SKU030,4,4.3017342730030865
2025-10-24,SKU030,4,4.325728299782868
2025-10-25,SKU030,3,4.363181331011557
2025-10-26,SKU030,4,4.430329631545905
2025-10-27,SKU030,2,3.633304079402704
2025-10-28,SKU030,3,3.431232394004394
2025-10-29,SKU030,2,3.2800928495329584
2025-10-30,SKU030,8,3.4854504430258606
2025-10-31,SKU030,3,3.275888140000813
2025-11-01,SKU030,4,4.439126060077601
2025-11-02,SKU030,6,4.415777035064212
2025-11-03,SKU030,3,3.627802569146577
2025-11-04,SKU030,8,4.147547183505317
2025-11-05,SKU030,2,4.450436495234717
2025-11-06,SKU030,3,4.041745717923599
2025-11-07,SKU030,2,4.461220045689271
2025-11-08,SKU030,3,6.245623606113778
2025-11-09,SKU030,4,5.88587465807575
2025-11-10,SKU030,6,3.587101256026161
2025-11-11,SKU030,1,3.695241636112466
2025-11-12,SKU030,3,3.672720710534599
2025-11-13,SKU030,3,3.515087204582875
2025-11-14,SKU030,4,3.525549700068
2025-11-15,SKU030,5,4.857369316727497
2025-11-16,SKU030,12,4.782469657124802
2025-11-17,SKU030,3,4.252482778378514
2025-11-18,SKU030,4,3.965083726640208
2025-11-19,SKU030,5,4.2770133003352795
2025-11-20,SKU030,4,4.199910633577104
2025-11-21,SKU030,2,4.234834932837916
2025-11-22,SKU030,8,3.997994786162193
2025-11-23,SKU030,7,5.518221513301342
2025-11-24,SKU030,3,4.581129445166998
2025-11-25,SKU030,0,4.30674583309528
2025-11-26,SKU030,2,4.051833906578424
2025-11-27,SKU030,3,4.262668431935194
2025-11-28,SKU030,5,4.349443398622078
2025-11-29,SKU030,8,6.518365994793755
2025-11-30,SKU030,5,6.046878452144665
2025-12-01,SKU030,2,4.594061682215635
2025-12-02,SKU030,2,4.3785415089507635
2025-12-03,SKU030,5,3.6879109734208453
2025-12-04,SKU030,2,4.411252608271053
2025-12-05,SKU030,1,4.420442223599255
2025-12-06,SKU030,6,4.092240949542398
2025-12-07,SKU030,7,4.818004845409279
2025-12-08,SKU030,5,4.300703298597452
2025-12-09,SKU030,5,4.15682878156288
2025-12-10,SKU030,6,4.2607709137066765
2025-12-11,SKU030,4,4.314081581255421
2025-12-12,SKU030,7,4.582285387896926
2025-12-13,SKU030,5,5.090313634629684
2025-12-14,SKU030,3,4.855925270237293
2025-12-15,SKU030,4,4.379660480718076
2025-12-16,SKU030,4,4.315359189639203
2025-12-17,SKU030,4,4.346851453990512
2025-12-18,SKU030,3,4.337131743440368
2025-12-19,SKU030,5,4.380670426738319
2025-12-20,SKU030,2,4.704026502894593
2025-12-21,SKU030,4,5.020424777058767
2025-12-22,SKU030,3,3.83625536654904
2025-12-23,SKU030,5,3.631539254998391
2025-12-24,SKU030,4,4.420674515597142
2025-12-25,SKU030,1,4.442986820661547
2025-12-26,SKU030,5,4.476571777174936
2025-12-27,SKU030,6,4.795081903473836
2025-12-28,SKU030,4,4.80645124140915
2025-12-29,SKU030,4,4.470080053026469
2025-12-30,SKU030,3,4.2081001898738535
2025-12-31,SKU030,7,4.3958699255793166
2025-08-13,SKU031,20,16.605267645553546
2025-08-14,SKU031,18,16.452152603908573
2025-08-15,SKU031,26,16.832383339496033
2025-08-16,SKU031,24,17.841149683206154
2025-08-17,SKU031,17,19.625522064707074
2025-08-18,SKU031,19,16.477213993954628
2025-08-19,SKU031,22,16.158869318584408
2025-08-20,SKU031,10,16.617986805125835
2025-08-21,SKU031,14,16.525472560228565
2025-08-22,SKU031,16,16.77199059372485
2025-08-23,SKU031,15,17.187957903722978
2025-08-24,SKU031,15,17.341185289433028
2025-08-25,SKU031,23,16.474065889522564
2025-08-26,SKU031,14,16.178666336170398
2025-08-27,SKU031,17,16.04877634919041
2025-08-28,SKU031,16,16.415468381289095
2025-08-29,SKU031,18,16.547482499944763
2025-08-30,SKU031,20,17.567273148197504
2025-08-31,SKU031,15,18.05646527728641
2025-09-01,SKU031,12,16.287874024740532
2025-09-02,SKU031,17,16.622519880012923
2025-09-03,SKU031,14,16.4807373681814
2025-09-04,SKU031,15,16.3095853928604
2025-09-05,SKU031,7,15.668559353864575
2025-09-06,SKU031,28,20.156293703692487
2025-09-07,SKU031,25,20.096102982023115
2025-09-08,SKU031,16,16.301309566545807
2025-09-09,SKU031,15,16.03917648148049
2025-09-10,SKU031,17,16.259195197263175
2025-09-11,SKU031,15,16.277714573019576
2025-09-12,SKU031,13,16.138592545924023
2025-09-13,SKU031,24,20.290751643200636
2025-09-14,SKU031,25,20.462118185877568
2025-09-15,SKU031,16,15.958637297154864
2025-09-16,SKU031,16,16.161333140253817
2025-09-17,SKU031,6,15.36586119298835
2025-09-18,SKU031,11,14.847137591450235
2025-09-19,SKU031,21,14.9484973846543
2025-09-20,SKU031,27,18.86643594159739
2025-09-21,SKU031,21,20.542561886247587
2025-09-22,SKU031,8,16.30633927076317
2025-09-23,SKU031,15,15.049216154303169
2025-09-24,SKU031,17,15.163994010330637
2025-09-25,SKU031,10,15.636132263527674
2025-09-26,SKU031,17,14.714937044597992
2025-09-27,SKU031,22,20.760285235693036
2025-09-28,SKU031,23,19.272191937118922
2025-09-29,SKU031,10,15.500249543479885
2025-09-30,SKU031,18,15.211602648823884
2025-10-01,SKU031,11,15.158529284621483
2025-10-02,SKU031,21,15.293079395686009
2025-10-03,SKU031,6,16.05342730478312
2025-10-04,SKU031,22,17.346521128097724
2025-10-05,SKU031,19,17.032396750667555
2025-10-06,SKU031,17,15.577442741061622
2025-10-07,SKU031,12,14.807301836779732
2025-10-08,SKU031,21,15.072723815340893
2025-10-09,SKU031,21,14.62545575509416
2025-10-10,SKU031,12,15.267791954798042
2025-10-11,SKU031,15,17.416027669890067
2025-10-12,SKU031,11,17.660118060449314
2025-10-13,SKU031,16,15.35561352862937
2025-10-14,SKU031,16,14.980455525947919
2025-10-15,SKU031,15,14.744277471801535
2025-10-16,SKU031,27,14.39927910375839
2025-10-17,SKU031,13,15.273595936712516
2025-10-18,SKU031,16,16.578100711490972
2025-10-19,SKU031,17,15.731081205128724
2025-10-20,SKU031,14,15.247408897353502
2025-10-21,SKU031,10,14.835809090194006
2025-10-22,SKU031,15,14.990413573838572
2025-10-23,SKU031,19,14.309953858397355
2025-10-24,SKU031,17,14.831630079587901
2025-10-25,SKU031,17,16.071148598409472
2025-10-26,SKU031,22,16.273303089183518
2025-10-27,SKU031,15,15.361707970778257
2025-10-28,SKU031,18,15.160905590281892
2025-10-29,SKU031,9,15.055582750579298
2025-10-30,SKU031,13,14.793675717877058
2025-10-31,SKU031,16,14.876887763261
2025-11-01,SKU031,19,19.688008295191874
2025-11-02,SKU031,20,19.154628270126825
2025-11-03,SKU031,14,15.435565571851106
2025-11-04,SKU031,10,14.826543091583543
2025-11-05,SKU031,16,14.79743377986228
2025-11-06,SKU031,18,14.788440290424187
2025-11-07,SKU031,15,14.961161056857
2025-11-08,SKU031,21,18.697500714742258
2025-11-09,SKU031,15,19.980862048855283
2025-11-10,SKU031,14,15.44976476244359
2025-11-11,SKU031,18,15.088418901294865
2025-11-12,SKU031,12,14.907735121798623
2025-11-13,SKU031,22,14.71114600328655
2025-11-14,SKU031,16,14.738980216001705
2025-11-15,SKU031,29,19.13782244950055
2025-11-16,SKU031,20,21.07508255808726
2025-11-17,SKU031,9,15.182746981400959
2025-11-18,SKU031,17,14.908063909176866
2025-11-19,SKU031,16,15.368508943537782
2025-11-20,SKU031,14,14.936107693630332
2025-11-21,SKU031,20,14.827159793723581
2025-11-22,SKU031,13,19.57386212211362
2025-11-23,SKU031,24,20.485183850530856
2025-11-24,SKU031,14,15.316444802541076
2025-11-25,SKU031,11,14.8945543746039
2025-11-26,SKU031,14,14.820522547529844
2025-11-27,SKU031,8,14.777143719919826
2025-11-28,SKU031,16,14.364995294218366
2025-11-29,SKU031,19,19.682587030495412
2025-11-30,SKU031,22,19.58519683854315
2025-12-01,SKU031,11,15.728721543545328
2025-12-02,SKU031,15,15.10888769760449
2025-12-03,SKU031,14,15.146778129533779
2025-12-04,SKU031,16,15.009137623823586
2025-12-05,SKU031,15,14.87879772822961
2025-12-06,SKU031,14,16.770742746005034
2025-12-07,SKU031,11,17.1931245759946
2025-12-08,SKU031,10,16.055990831097247
2025-12-09,SKU031,17,15.24074286395006
2025-12-10,SKU031,13,15.639962192948117
2025-12-11,SKU031,16,15.334996987748637
2025-12-12,SKU031,11,15.24997764122636
2025-12-13,SKU031,13,17.976444372413336
2025-12-14,SKU031,24,14.997345898966053
2025-12-15,SKU031,20,14.945305118032643
2025-12-16,SKU031,18,15.361782822582034
2025-12-17,SKU031,20,15.391823397876076
2025-12-18,SKU031,18,15.094969542484744
2025-12-19,SKU031,16,15.420264817599694
2025-12-20,SKU031,23,16.620763077981067
2025-12-21,SKU031,17,15.732915041624535
2025-12-22,SKU031,14,15.849616863354893
2025-12-23,SKU031,8,15.443127858895462
2025-12-24,SKU031,14,15.175508588232756
2025-12-25,SKU031,13,15.079200449620151
2025-12-26,SKU031,14,14.946649173067351
2025-12-27,SKU031,20,18.820436829198435
2025-12-28,SKU031,14,18.37164566212389
2025-12-29,SKU031,23,16.12497001742115
2025-12-30,SKU031,12,15.221193117762395
2025-12-31,SKU031,15,15.391027763003407
2025-08-13,SKU032,5,7.960160618197988
2025-08-14,SKU032,17,7.541505349940666
2025-08-15,SKU032,6,7.431272383262698
2025-08-16,SKU032,11,9.59042550990256
2025-08-17,SKU032,8,9.856487896506291
2025-08-18,SKU032,7,7.650969089909041
2025-08-19,SKU032,8,8.13903360890914
2025-08-20,SKU032,5,7.967612009856261
2025-08-21,SKU032,10,7.850725609413903
2025-08-22,SKU032,12,7.862837840954677
2025-08-23,SKU032,6,9.615209359248684
2025-08-24,SKU032,3,8.962453638447997
2025-08-25,SKU032,5,7.59942292972045
2025-08-26,SKU032,3,7.970929312606163
2025-08-27,SKU032,9,7.084012245235561
2025-08-28,SKU032,10,7.614153156423477
2025-08-29,SKU032,7,7.541103900749554
2025-08-30,SKU032,12,9.268763391802656
2025-08-31,SKU032,9,9.526915827779089
2025-09-01,SKU032,9,7.429843449008098
2025-09-02,SKU032,2,7.418497387168562
2025-09-03,SKU032,6,7.4406449695457635
2025-09-04,SKU032,5,7.481155813499149
2025-09-05,SKU032,9,7.173652635069539
2025-09-06,SKU032,9,8.990022748549952
2025-09-07,SKU032,8,9.118662937758156
2025-09-08,SKU032,6,7.241003265789783
2025-09-09,SKU032,13,6.906825443089246
2025-09-10,SKU032,11,7.265229316152993
2025-09-11,SKU032,12,7.551723930661649
2025-09-12,SKU032,8,7.299074891840425
2025-09-13,SKU032,14,11.457632475397457
2025-09-14,SKU032,12,12.76567240593953
2025-09-15,SKU032,13,7.4019076099501975
2025-09-16,SKU032,7,7.113717626891314
2025-09-17,SKU032,3,6.82184907284485
2025-09-18,SKU032,6,7.194739010442877
2025-09-19,SKU032,11,7.44033209396278
2025-09-20,SKU032,10,11.439776608118615
2025-09-21,SKU032,7,10.933205297621669
2025-09-22,SKU032,6,7.208309900020578
2025-09-23,SKU032,7,7.314497868317521
2025-09-24,SKU032,7,7.956768078764027
2025-09-25,SKU032,10,7.834687970799236
2025-09-26,SKU032,8,7.820050438660186
2025-09-27,SKU032,12,11.929766110949005
2025-09-28,SKU032,10,11.920079652567575
2025-09-29,SKU032,4,7.600063457684605
2025-09-30,SKU032,6,7.319936754813184
2025-10-01,SKU032,4,7.751181985206839
2025-10-02,SKU032,9,7.659919683347648
2025-10-03,SKU032,9,7.820078228707571
2025-10-04,SKU032,4,8.820349736739718
2025-10-05,SKU032,8,8.812864469403348
2025-10-06,SKU032,8,6.894126311674046
2025-10-07,SKU032,7,7.846723483578777
2025-10-08,SKU032,8,7.249888107317356
2025-10-09,SKU032,6,7.532373220933916
2025-10-10,SKU032,7,7.219396170730168
2025-10-11,SKU032,8,8.472947351757414
2025-10-12,SKU032,6,7.469313261738125
2025-10-13,SKU032,5,7.433946182106358
2025-10-14,SKU032,7,7.056806420624839
2025-10-15,SKU032,5,7.067721807035431
2025-10-16,SKU032,5,7.1036784685516325
2025-10-17,SKU032,6,7.231710174291462
2025-10-18,SKU032,12,8.135668586291711
2025-10-19,SKU032,8,7.0649471825782015
2025-10-20,SKU032,8,7.123741830333314
2025-10-21,SKU032,5,7.264708848264426
2025-10-22,SKU032,8,6.901398288878637
2025-10-23,SKU032,8,7.162763483645858
2025-10-24,SKU032,5,7.010777342394747
2025-10-25,SKU032,8,7.907886217346411
2025-10-26,SKU032,10,7.560693614921434
2025-10-27,SKU032,6,6.6161873434750085
2025-10-28,SKU032,12,7.06830850149324
2025-10-29,SKU032,13,7.11149870456005
2025-10-30,SKU032,11,7.285249666810262
2025-10-31,SKU032,4,7.148470175331646
2025-11-01,SKU032,14,10.688049735012076
2025-11-02,SKU032,7,11.772348298917228
2025-11-03,SKU032,7,7.701819115639105
2025-11-04,SKU032,8,7.461523465360258
2025-11-05,SKU032,7,6.977664236296035
2025-11-06,SKU032,8,7.292493069021954
2025-11-07,SKU032,6,7.203140825735552
2025-11-08,SKU032,12,9.561621777865094
2025-11-09,SKU032,13,9.533758273231816
2025-11-10,SKU032,8,7.416220963160319
2025-11-11,SKU032,5,7.677720578321885
2025-11-12,SKU032,7,7.500667081296114
2025-11-13,SKU032,6,7.552075318908169
2025-11-14,SKU032,8,7.506821030537135
2025-11-15,SKU032,11,10.172690805945702
2025-11-16,SKU032,9,10.50008285737867
2025-11-17,SKU032,11,7.341358833857712
2025-11-18,SKU032,11,7.449712112463981
2025-11-19,SKU032,5,7.599224230550634
2025-11-20,SKU032,8,7.79489190025767
2025-11-21,SKU032,10,7.644366360917928
2025-11-22,SKU032,14,11.199993648997923
2025-11-23,SKU032,11,10.921642902538645
2025-11-24,SKU032,5,7.845734489783509
2025-11-25,SKU032,2,8.013034675934925
2025-11-26,SKU032,4,7.8124567254679365
2025-11-27,SKU032,10,7.519352559016207
2025-11-28,SKU032,8,7.559268743807523
2025-11-29,SKU032,12,9.940008346864373
2025-11-30,SKU032,9,8.940279489215538
2025-12-01,SKU032,7,7.550515359898201
2025-12-02,SKU032,6,8.222771558018708
2025-12-03,SKU032,12,7.996540252155304
2025-12-04,SKU032,7,7.99998836927194
2025-12-05,SKU032,9,8.318563418018494
2025-12-06,SKU032,7,8.709738607669715
2025-12-07,SKU032,12,8.24248056156502
2025-12-08,SKU032,8,7.715785056436024
2025-12-09,SKU032,6,7.939312267185504
2025-12-10,SKU032,5,7.774385154628516
2025-12-11,SKU032,13,8.254248206616213
2025-12-12,SKU032,7,7.641511420496121
2025-12-13,SKU032,9,8.83511351149688
2025-12-14,SKU032,8,8.709133196027903
2025-12-15,SKU032,9,7.497038880422268
2025-12-16,SKU032,9,7.8354180348573905
2025-12-17,SKU032,8,8.035521241822202
2025-12-18,SKU032,8,8.049920010669343
2025-12-19,SKU032,6,8.190811310740266
2025-12-20,SKU032,14,9.062729064364966
2025-12-21,SKU032,14,9.260485693417372
2025-12-22,SKU032,3,7.567006222116204
2025-12-23,SKU032,5,8.064499469183872
2025-12-24,SKU032,6,7.763411199973639
2025-12-25,SKU032,8,7.855324881466096
2025-12-26,SKU032,6,8.230253483465034
2025-12-27,SKU032,12,8.908662146096658
2025-12-28,SKU032,11,8.675746102117749
2025-12-29,SKU032,7,7.740975297875947
2025-12-30,SKU032,7,7.809902171882945
2025-12-31,SKU032,12,7.699065123874946
2025-08-13,SKU033,13,14.418823859091054
2025-08-14,SKU033,20,14.481572843462963
2025-08-15,SKU033,14,14.370026745488866
2025-08-16,SKU033,14,17.82108715204018
2025-08-17,SKU033,19,17.110939664021476
2025-08-18,SKU033,18,14.589496714877203
2025-08-19,SKU033,18,14.060088227473232
2025-08-20,SKU033,14,14.208819875578099
2025-08-21,SKU033,12,14.365355635911596
2025-08-22,SKU033,14,14.299023726160522
2025-08-23,SKU033,12,15.74343630257228
2025-08-24,SKU033,25,17.243865009894716
2025-08-25,SKU033,12,14.37575524584755
2025-08-26,SKU033,12,14.303858355979951
2025-08-27,SKU033,26,13.933707783302127
2025-08-28,SKU033,22,14.432918196485618
2025-08-29,SKU033,16,13.983427491718485
2025-08-30,SKU033,17,16.08615743557024
2025-08-31,SKU033,10,14.960267458890394
2025-09-01,SKU033,12,14.181469550299505
2025-09-02,SKU033,12,14.11919696211974
2025-09-03,SKU033,16,14.360857829118734
2025-09-04,SKU033,11,14.252647317603582
2025-09-05,SKU033,7,14.077039254205266
2025-09-06,SKU033,21,18.08197705635874
2025-09-07,SKU033,18,20.23900832924983
2025-09-08,SKU033,19,14.51948017381032
2025-09-09,SKU033,11,14.118647442617936
2025-09-10,SKU033,21,14.106955191220388
2025-09-11,SKU033,16,14.274599157573629
2025-09-12,SKU033,18,14.452915952418028
2025-09-13,SKU033,22,20.090230800586188
2025-09-14,SKU033,19,20.20856031707647
2025-09-15,SKU033,14,14.680461583948208
2025-09-16,SKU033,15,14.318197690184066
2025-09-17,SKU033,17,14.915699007400324
2025-09-18,SKU033,13,14.396757406762514
2025-09-19,SKU033,12,14.41356242016526
2025-09-20,SKU033,16,18.96519739550547
2025-09-21,SKU033,23,20.370498564647054
2025-09-22,SKU033,15,14.336314385692669
2025-09-23,SKU033,12,14.307091058536914
2025-09-24,SKU033,16,14.277889288924458
2025-09-25,SKU033,9,14.230521698084749
2025-09-26,SKU033,17,14.236188804507494
2025-09-27,SKU033,30,18.8104069434061
2025-09-28,SKU033,26,19.583309082356934
2025-09-29,SKU033,13,14.464749621310396
2025-09-30,SKU033,14,14.316105363060062
2025-10-01,SKU033,15,14.418189450918398
2025-10-02,SKU033,10,14.467444886009464
2025-10-03,SKU033,9,14.46096377749658
2025-10-04,SKU033,26,16.544671648209796
2025-10-05,SKU033,15,16.82307611364165
2025-10-06,SKU033,15,14.411831576980514
2025-10-07,SKU033,14,14.281640722308966
2025-10-08,SKU033,8,14.218945361912198
2025-10-09,SKU033,9,14.52157242528527
2025-10-10,SKU033,15,14.513791356154048
2025-10-11,SKU033,17,17.66054166263017
2025-10-12,SKU033,10,17.88461126166325
2025-10-13,SKU033,18,13.67520575362072
2025-10-14,SKU033,17,13.63818871659638
2025-10-15,SKU033,7,13.601832661364659
2025-10-16,SKU033,12,14.094793882452471
2025-10-17,SKU033,16,14.2821010109724
2025-10-18,SKU033,14,17.792743524116396
2025-10-19,SKU033,16,17.00348488622931
2025-10-20,SKU033,15,14.051368269319797
2025-10-21,SKU033,14,14.274125179093339
2025-10-22,SKU033,9,13.803074654035992
2025-10-23,SKU033,9,14.482310704472136
2025-10-24,SKU033,13,14.328190491109275
2025-10-25,SKU033,19,15.374847083565756
2025-10-26,SKU033,16,15.202757537233637
2025-10-27,SKU033,21,12.529897635128332
2025-10-28,SKU033,13,12.333439217644349
2025-10-29,SKU033,17,12.717729346286061
2025-10-30,SKU033,7,13.104455426504726
2025-10-31,SKU033,14,12.042121814482083
2025-11-01,SKU033,8,19.082866417918424
2025-11-02,SKU033,15,20.263247098791762
2025-11-03,SKU033,21,12.770135741119827
2025-11-04,SKU033,15,12.635936157610493
2025-11-05,SKU033,12,12.572169306819609
2025-11-06,SKU033,10,13.438188701674203
2025-11-07,SKU033,14,12.579817734292408
2025-11-08,SKU033,27,19.486796601729267
2025-11-09,SKU033,20,16.915495052029623
2025-11-10,SKU033,15,15.129254934860814
2025-11-11,SKU033,19,14.67551655574133
2025-11-12,SKU033,14,15.412396590962464
2025-11-13,SKU033,16,15.224985905377942
2025-11-14,SKU033,14,14.361164101859822
2025-11-15,SKU033,23,18.65394687227035
2025-11-16,SKU033,15,19.178733624731564
2025-11-17,SKU033,12,14.637326087525706
2025-11-18,SKU033,11,14.737696303568017
2025-11-19,SKU033,19,14.05343936148163
2025-11-20,SKU033,16,14.48346182209937
2025-11-21,SKU033,12,14.359861416779124
2025-11-22,SKU033,24,18.58044313261223
2025-11-23,SKU033,26,20.67881382792432
2025-11-24,SKU033,12,14.564375229783234
2025-11-25,SKU033,11,14.362640940221738
2025-11-26,SKU033,19,14.707221741105586
2025-11-27,SKU033,13,14.35563196237736
2025-11-28,SKU033,10,14.275641223599425
2025-11-29,SKU033,29,19.598176947830417
2025-11-30,SKU033,27,23.20450436862461
2025-12-01,SKU033,20,15.232833438109642
2025-12-02,SKU033,18,15.106831985165776
2025-12-03,SKU033,15,15.343937388358249
2025-12-04,SKU033,12,14.87553518532427
2025-12-05,SKU033,21,15.642009589575515
2025-12-06,SKU033,10,16.691786503249492
2025-12-07,SKU033,21,16.035848345924556
2025-12-08,SKU033,16,15.187407709871035
2025-12-09,SKU033,18,15.03573677537662
2025-12-10,SKU033,10,15.028159910116074
2025-12-11,SKU033,21,14.513440222356955
2025-12-12,SKU033,14,15.276891161714964
2025-12-13,SKU033,15,16.703324741870418
2025-12-14,SKU033,15,16.49254088371957
2025-12-15,SKU033,15,14.828322295536255
2025-12-16,SKU033,18,14.580034666577752
2025-12-17,SKU033,12,14.916416520353394
2025-12-18,SKU033,17,14.69987919883795
2025-12-19,SKU033,10,14.520360716625575
2025-12-20,SKU033,19,17.01754666684163
2025-12-21,SKU033,25,16.83266442306154
2025-12-22,SKU033,14,14.854748550935492
2025-12-23,SKU033,12,14.718039650005535
2025-12-24,SKU033,6,14.698116795512775
2025-12-25,SKU033,15,14.451628649536094
2025-12-26,SKU033,15,14.531952421287787
2025-12-27,SKU033,17,17.52124789712769
2025-12-28,SKU033,17,17.443744796169074
2025-12-29,SKU033,20,14.820812747478778
2025-12-30,SKU033,16,14.748854966382144
2025-12-31,SKU033,6,14.691211306847215
2025-08-13,SKU034,18,16.54945372467056
2025-08-14,SKU034,17,15.553769156786148
2025-08-15,SKU034,18,16.60837056379827
2025-08-16,SKU034,19,19.273944055522325
2025-08-17,SKU034,25,19.19843782946975
2025-08-18,SKU034,8,16.579958249038533
2025-08-19,SKU034,14,16.56465364174271
2025-08-20,SKU034,17,16.60478005397648
2025-08-21,SKU034,17,16.561257132736593
2025-08-22,SKU034,18,16.761381105032697
2025-08-23,SKU034,15,16.76187920981722
2025-08-24,SKU034,14,17.527742525642573
2025-08-25,SKU034,13,14.516606033320993
2025-08-26,SKU034,23,14.806006322635188
2025-08-27,SKU034,18,15.06830792839997
2025-08-28,SKU034,21,14.954182562411267
2025-08-29,SKU034,17,15.331928130645633
2025-08-30,SKU034,23,16.66281721773968
2025-08-31,SKU034,23,17.167346866067707
2025-09-01,SKU034,16,15.62089415616314
2025-09-02,SKU034,13,15.767526151125615
2025-09-03,SKU034,24,15.886480406724452
2025-09-04,SKU034,24,16.113081988994903
2025-09-05,SKU034,23,16.144687882946272
2025-09-06,SKU034,21,25.220356208494948
2025-09-07,SKU034,29,24.063305241801878
2025-09-08,SKU034,14,16.854206446754407
2025-09-09,SKU034,19,16.691709015380066
2025-09-10,SKU034,13,16.830074358694343
2025-09-11,SKU034,17,16.018332825990207
2025-09-12,SKU034,13,15.854969976087162
2025-09-13,SKU034,20,21.036893682203207
2025-09-14,SKU034,19,24.650850300248223
2025-09-15,SKU034,14,16.123224767714834
2025-09-16,SKU034,8,16.594907907689866
2025-09-17,SKU034,14,15.764285460369292
2025-09-18,SKU034,19,15.819203846629286
2025-09-19,SKU034,10,15.67819347277502
2025-09-20,SKU034,24,22.505548462887365
2025-09-21,SKU034,21,23.956963217755593
2025-09-22,SKU034,13,16.39504678756046
2025-09-23,SKU034,15,16.29101186501447
2025-09-24,SKU034,31,16.145607150293184
2025-09-25,SKU034,24,16.461384972568776
2025-09-26,SKU034,10,16.06728010019463
2025-09-27,SKU034,32,23.200296514120375
2025-09-28,SKU034,23,24.716528200715725
2025-09-29,SKU034,15,16.60891982913393
2025-09-30,SKU034,20,16.4344526917704
2025-10-01,SKU034,13,17.898366464951643
2025-10-02,SKU034,10,15.974712274249937
2025-10-03,SKU034,17,17.43869112212353
2025-10-04,SKU034,14,16.281256914319137
2025-10-05,SKU034,17,17.131856639079317
2025-10-06,SKU034,7,14.646957009915994
2025-10-07,SKU034,17,14.71279718042536
2025-10-08,SKU034,16,14.553234312104474
2025-10-09,SKU034,14,14.396607792211245
2025-10-10,SKU034,11,14.87131809489265
2025-10-11,SKU034,19,18.45965581471786
2025-10-12,SKU034,13,17.614264278502695
2025-10-13,SKU034,18,14.78885889365449
2025-10-14,SKU034,23,14.900137126286982
2025-10-15,SKU034,17,14.913114537637584
2025-10-16,SKU034,13,14.954681635616597
2025-10-17,SKU034,7,15.140664151469036
2025-10-18,SKU034,24,16.12037691651575
2025-10-19,SKU034,13,16.21736719683755
2025-10-20,SKU034,10,14.975853231724514
2025-10-21,SKU034,14,14.995916335881011
2025-10-22,SKU034,16,14.685572321956858
2025-10-23,SKU034,16,15.13779787476318
2025-10-24,SKU034,19,15.221861612315728
2025-10-25,SKU034,13,16.41289837397955
2025-10-26,SKU034,13,18.922769111326794
2025-10-27,SKU034,13,14.942890698101191
2025-10-28,SKU034,14,14.587791232378157
2025-10-29,SKU034,18,14.976170499748045
2025-10-30,SKU034,11,14.660595294485399
2025-10-31,SKU034,13,14.738748224868774
2025-11-01,SKU034,31,20.11250815764242
2025-11-02,SKU034,22,20.211650326596626
2025-11-03,SKU034,13,15.067102715988904
2025-11-04,SKU034,18,15.056000617596816
2025-11-05,SKU034,17,15.389688446683731
2025-11-06,SKU034,15,15.303488262635387
2025-11-07,SKU034,15,15.288403130408724
2025-11-08,SKU034,25,23.06666947460803
2025-11-09,SKU034,26,24.264971246784956
2025-11-10,SKU034,19,15.197596381957004
2025-11-11,SKU034,9,14.89544189185972
2025-11-12,SKU034,21,15.233493138824503
2025-11-13,SKU034,14,15.070937183336406
2025-11-14,SKU034,15,14.973537009781866
2025-11-15,SKU034,17,23.36342104762239
2025-11-16,SKU034,23,27.592697257013807
2025-11-17,SKU034,19,15.0339112193096
2025-11-18,SKU034,15,15.051413349924065
2025-11-19,SKU034,7,15.599236958828289
2025-11-20,SKU034,16,14.77988769262739
2025-11-21,SKU034,24,14.974720190299301
2025-11-22,SKU034,24,23.523325676345994
2025-11-23,SKU034,28,22.913987126887843
2025-11-24,SKU034,18,16.41275071515439
2025-11-25,SKU034,18,16.3374141046457
2025-11-26,SKU034,14,17.33512341499902
2025-11-27,SKU034,15,16.116746342693943
2025-11-28,SKU034,12,16.352223622435933
2025-11-29,SKU034,26,22.176738600560032
2025-11-30,SKU034,27,25.637930307866963
2025-12-01,SKU034,17,16.606929832091488
2025-12-02,SKU034,20,16.451749919314366
2025-12-03,SKU034,21,16.61857581075243
2025-12-04,SKU034,20,16.342096272378548
2025-12-05,SKU034,24,16.34474331769811
2025-12-06,SKU034,19,20.53588621088255
2025-12-07,SKU034,26,21.443429481249545
2025-12-08,SKU034,13,17.216298804727376
2025-12-09,SKU034,15,16.837206722948267
2025-12-10,SKU034,16,17.00168716763121
2025-12-11,SKU034,19,16.695225940491817
2025-12-12,SKU034,21,16.318494101552474
2025-12-13,SKU034,18,20.97648554860195
2025-12-14,SKU034,16,20.537148322687294
2025-12-15,SKU034,13,16.71355978711826
2025-12-16,SKU034,11,16.806512856192256
2025-12-17,SKU034,19,16.956620919824694
2025-12-18,SKU034,13,17.634108505316842
2025-12-19,SKU034,26,17.25640695537867
2025-12-20,SKU034,16,21.551891464425797
2025-12-21,SKU034,21,22.51790182758837
2025-12-22,SKU034,15,16.710064268225725
2025-12-23,SKU034,12,17.060558403989134
2025-12-24,SKU034,21,16.638074677079114
2025-12-25,SKU034,16,17.13264493601092
2025-12-26,SKU034,18,16.036059882460552
2025-12-27,SKU034,18,22.93539820037969
2025-12-28,SKU034,24,20.261791922614805
2025-12-29,SKU034,16,16.716317729340325
2025-12-30,SKU034,10,16.950382940728886
2025-12-31,SKU034,16,16.699365679232564
2025-08-13,SKU035,25,18.084520871301578
2025-08-14,SKU035,19,17.950333993498717
2025-08-15,SKU035,18,18.411641337855272
2025-08-16,SKU035,26,20.81522731609517
2025-08-17,SKU035,25,20.30307755519474
2025-08-18,SKU035,13,17.242281856042766
2025-08-19,SKU035,16,17.127306494343067
2025-08-20,SKU035,17,17.77334820715518
2025-08-21,SKU035,15,18.333968369203138
2025-08-22,SKU035,19,18.205304916307174
2025-08-23,SKU035,18,20.367966618823903
2025-08-24,SKU035,19,19.576968539965
2025-08-25,SKU035,21,16.917314745252533
2025-08-26,SKU035,19,17.012964262273524
2025-08-27,SKU035,24,17.048860905830495
2025-08-28,SKU035,15,17.525505006031164
2025-08-29,SKU035,18,17.56862195089358
2025-08-30,SKU035,17,20.678587783736166
2025-08-31,SKU035,18,21.275744521512898
2025-09-01,SKU035,19,17.39319115520071
2025-09-02,SKU035,19,17.455916528862886
2025-09-03,SKU035,15,17.15519860749971
2025-09-04,SKU035,16,17.255922529853716
2025-09-05,SKU035,19,17.2894539529743
2025-09-06,SKU035,29,19.931822334616665
2025-09-07,SKU035,30,20.516828548135194
2025-09-08,SKU035,18,17.83616995968594
2025-09-09,SKU035,16,17.920949177461193
2025-09-10,SKU035,18,17.397713745372336
2025-09-11,SKU035,9,17.444069185974527
2025-09-12,SKU035,17,17.136111133320703
2025-09-13,SKU035,19,24.428015957624336
2025-09-14,SKU035,22,25.25172826595326
2025-09-15,SKU035,22,16.558033911486067
2025-09-16,SKU035,13,17.03598534037513
2025-09-17,SKU035,14,16.89725450263044
2025-09-18,SKU035,17,17.104694702585903
2025-09-19,SKU035,17,17.032433975152898
2025-09-20,SKU035,33,22.189831989255076
2025-09-21,SKU035,22,23.889800741845047
2025-09-22,SKU035,16,17.597006843885634
2025-09-23,SKU035,19,16.663772412883446
2025-09-24,SKU035,14,16.973722592308015
2025-09-25,SKU035,13,16.644122851518507
2025-09-26,SKU035,18,16.86787395963685
2025-09-27,SKU035,19,26.23450079796534
2025-09-28,SKU035,24,22.204406664446246
2025-09-29,SKU035,14,17.26053738241401
2025-09-30,SKU035,24,16.96289523584109
2025-10-01,SKU035,14,16.715196851853523
2025-10-02,SKU035,14,16.515346566497357
2025-10-03,SKU035,25,16.862092665867575
2025-10-04,SKU035,20,21.32225046547376
2025-10-05,SKU035,23,19.786828430377703
2025-10-06,SKU035,14,16.831789321458032
2025-10-07,SKU035,16,16.469389315579726
2025-10-08,SKU035,10,16.694468324692178
2025-10-09,SKU035,13,16.79711273448348
2025-10-10,SKU035,13,16.482511766507624
2025-10-11,SKU035,18,17.275911954997543
2025-10-12,SKU035,24,17.266658067386768
2025-10-13,SKU035,19,16.669510965235254
2025-10-14,SKU035,20,16.83521947992025
2025-10-15,SKU035,16,17.036869248069173
2025-10-16,SKU035,21,16.66356339413121
2025-10-17,SKU035,13,16.71613260252564
2025-10-18,SKU035,25,17.883211540349844
2025-10-19,SKU035,15,17.65511789620608
2025-10-20,SKU035,22,16.93990012527713
2025-10-21,SKU035,31,16.78197002367355
2025-10-22,SKU035,17,16.428917734849435
2025-10-23,SKU035,19,16.599351957098797
2025-10-24,SKU035,16,16.602503189910077
2025-10-25,SKU035,10,18.234880267935264
2025-10-26,SKU035,20,18.265202242239063
2025-10-27,SKU035,20,16.782195383118005
2025-10-28,SKU035,14,16.07639995863699
2025-10-29,SKU035,11,16.70706299810881
2025-10-30,SKU035,20,16.555267144097723
2025-10-31,SKU035,17,16.529015731342753
2025-11-01,SKU035,20,24.96103230058818
2025-11-02,SKU035,15,23.62053680730305
2025-11-03,SKU035,15,16.51680242743259
2025-11-04,SKU035,11,17.221210736097188
2025-11-05,SKU035,11,17.18578148903476
2025-11-06,SKU035,17,16.41159814306861
2025-11-07,SKU035,19,16.460129064002718
2025-11-08,SKU035,18,23.506018738612386
2025-11-09,SKU035,22,24.486337405716412
2025-11-10,SKU035,18,17.281889435135355
2025-11-11,SKU035,15,17.4168538091192
2025-11-12,SKU035,15,17.382741677725086
2025-11-13,SKU035,18,16.720887784346314
2025-11-14,SKU035,20,16.79554812295952
2025-11-15,SKU035,17,23.22719674185987
2025-11-16,SKU035,21,21.654886801039243
2025-11-17,SKU035,16,16.832291193952138
2025-11-18,SKU035,20,16.117318614384644
2025-11-19,SKU035,13,15.128392093417913
2025-11-20,SKU035,10,14.796574079903822
2025-11-21,SKU035,21,14.73982391147351
2025-11-22,SKU035,29,25.172612945228344
2025-11-23,SKU035,24,20.826098792393132
2025-11-24,SKU035,9,16.5162502518998
2025-11-25,SKU035,18,15.34024934469918
2025-11-26,SKU035,22,15.824212160940657
2025-11-27,SKU035,14,17.538926574534273
2025-11-28,SKU035,22,16.374769291429686
2025-11-29,SKU035,25,23.24729363039501
2025-11-30,SKU035,21,22.616722589740885
2025-12-01,SKU035,18,16.961050411755078
2025-12-02,SKU035,15,16.88882361938889
2025-12-03,SKU035,13,16.87715230740296
2025-12-04,SKU035,20,16.747067364373084
2025-12-05,SKU035,18,16.58545236038579
2025-12-06,SKU035,21,20.379693003039424
2025-12-07,SKU035,23,22.060114683995092
2025-12-08,SKU035,23,17.003416112640767
2025-12-09,SKU035,11,17.00159932790962
2025-12-10,SKU035,18,17.00916565692441
2025-12-11,SKU035,18,17.10810663255036
2025-12-12,SKU035,19,17.089365290874138
2025-12-13,SKU035,22,23.490199390596885
2025-12-14,SKU035,17,23.5759778280344
2025-12-15,SKU035,18,16.955220895657124
2025-12-16,SKU035,16,17.139171629335955
2025-12-17,SKU035,24,17.035923215867722
2025-12-18,SKU035,19,17.304905456658283
2025-12-19,SKU035,12,18.668245536453643
2025-12-20,SKU035,19,22.374565795462434
2025-12-21,SKU035,19,24.175710218342374
2025-12-22,SKU035,22,16.71408365484784
2025-12-23,SKU035,15,17.002584450469886
2025-12-24,SKU035,26,16.625200538426565
2025-12-25,SKU035,23,17.341195102667612
2025-12-26,SKU035,20,18.536041658451502
2025-12-27,SKU035,16,20.07066482231957
2025-12-28,SKU035,26,21.581678633224307
2025-12-29,SKU035,10,18.121428551450947
2025-12-30,SKU035,16,16.805698103283532
2025-12-31,SKU035,14,16.59110278168458
2025-08-13,SKU036,4,4.107761031328178
2025-08-14,SKU036,4,3.6864208526962488
2025-08-15,SKU036,3,3.4546798178762597
2025-08-16,SKU036,3,3.664155233498205
2025-08-17,SKU036,4,3.6421055516366043
2025-08-18,SKU036,3,3.865069546127055
2025-08-19,SKU036,3,3.9016995110408623
2025-08-20,SKU036,2,3.7326144818345015
2025-08-21,SKU036,4,3.786779513098501
2025-08-22,SKU036,4,3.7720801497315075
2025-08-23,SKU036,6,3.575253494207735
2025-08-24,SKU036,5,3.48684853895465
2025-08-25,SKU036,5,4.032659709366021
2025-08-26,SKU036,7,3.7858137665933045
2025-08-27,SKU036,4,4.251700793150943
2025-08-28,SKU036,7,3.93606054243213
2025-08-29,SKU036,5,3.5628954792081924
2025-08-30,SKU036,9,3.5215559058109096
2025-08-31,SKU036,6,5.241375966960215
2025-09-01,SKU036,4,4.6752393142724715
2025-09-02,SKU036,2,4.34011244446286
2025-09-03,SKU036,3,3.935866471385231
2025-09-04,SKU036,6,3.8550116635140017
2025-09-05,SKU036,2,4.090868192184241
2025-09-06,SKU036,6,5.567574213576897
2025-09-07,SKU036,5,5.135743327989799
2025-09-08,SKU036,2,4.167349553537189
2025-09-09,SKU036,4,3.923652966722197
2025-09-10,SKU036,5,3.977046889820565
2025-09-11,SKU036,2,3.928807917002641
2025-09-12,SKU036,3,4.061695999178829
2025-09-13,SKU036,3,5.742206352211696
2025-09-14,SKU036,7,6.055049782342803
2025-09-15,SKU036,4,3.94998900780936
2025-09-16,SKU036,3,3.888430317933965
2025-09-17,SKU036,4,3.832765443263313
2025-09-18,SKU036,4,3.7948742319203244
2025-09-19,SKU036,4,3.813572154949672
2025-09-20,SKU036,9,6.016721736540759
2025-09-21,SKU036,7,6.2506759192991455
2025-09-22,SKU036,4,4.205957349748889
2025-09-23,SKU036,1,3.967864940808371
2025-09-24,SKU036,3,3.9751787978598507
2025-09-25,SKU036,4,4.036068184953465
2025-09-26,SKU036,4,4.144981898059008
2025-09-27,SKU036,5,6.192910979369958
2025-09-28,SKU036,6,5.600837605618244
2025-09-29,SKU036,7,4.18341180690894
2025-09-30,SKU036,3,3.9532334717750865
2025-10-01,SKU036,5,4.125907177529526
2025-10-02,SKU036,1,4.124232984545718
2025-10-03,SKU036,6,4.2421324339782815
2025-10-04,SKU036,7,4.260055235213314
2025-10-05,SKU036,4,4.378463936804828
2025-10-06,SKU036,2,4.113731931335434
2025-10-07,SKU036,3,4.060526051879448
2025-10-08,SKU036,3,4.102699582713144
2025-10-09,SKU036,0,4.146105982815483
2025-10-10,SKU036,0,4.049223839333401
2025-10-11,SKU036,7,4.515636285301798
2025-10-12,SKU036,4,4.52589234011875
2025-10-13,SKU036,2,4.071684601372562
2025-10-14,SKU036,2,3.7168606995299576
2025-10-15,SKU036,0,3.6677734768262304
2025-10-16,SKU036,4,3.7865959179528317
2025-10-17,SKU036,3,3.7671252294994098
2025-10-18,SKU036,3,4.321650679656823
2025-10-19,SKU036,5,4.105756289512049
2025-10-20,SKU036,4,3.9625899057908898
2025-10-21,SKU036,4,3.8748343093450694
2025-10-22,SKU036,10,3.9347629620611273
2025-10-23,SKU036,5,4.096472004058075
2025-10-24,SKU036,4,4.144653769367417
2025-10-25,SKU036,5,3.8183701124045326
2025-10-26,SKU036,2,3.8498237568203266
2025-10-27,SKU036,3,4.62081883845052
2025-10-28,SKU036,5,4.065177440224929
2025-10-29,SKU036,4,5.134079157054179
2025-10-30,SKU036,3,3.939211644198191
2025-10-31,SKU036,7,3.7242668030731467
2025-11-01,SKU036,3,4.913149277497566
2025-11-02,SKU036,4,4.031452332972146
2025-11-03,SKU036,3,4.03607816690275
2025-11-04,SKU036,4,3.882544094278367
2025-11-05,SKU036,4,3.8074857493489613
2025-11-06,SKU036,3,3.7845091790987317
2025-11-07,SKU036,3,4.125490546264905
2025-11-08,SKU036,7,4.596865935226561
2025-11-09,SKU036,3,4.272779770806632
2025-11-10,SKU036,6,4.067058317121496
2025-11-11,SKU036,4,4.0679518824621725
2025-11-12,SKU036,5,4.0631073594381375
2025-11-13,SKU036,5,4.196650199712458
2025-11-14,SKU036,7,4.307121810194731
2025-11-15,SKU036,2,6.444259074492716
2025-11-16,SKU036,1,6.0558441721419465
2025-11-17,SKU036,2,4.2334311460713465
2025-11-18,SKU036,2,4.150431709850641
2025-11-19,SKU036,5,3.839882239141715
2025-11-20,SKU036,4,3.638797402746696
2025-11-21,SKU036,8,3.8771830038999173
2025-11-22,SKU036,7,7.010224153517747
2025-11-23,SKU036,7,5.5466044449985
2025-11-24,SKU036,5,4.233339897497651
2025-11-25,SKU036,2,4.171703932578434
2025-11-26,SKU036,7,4.099608248818688
2025-11-27,SKU036,3,4.229366127082261
2025-11-28,SKU036,3,3.974087426112671
2025-11-29,SKU036,6,6.729430292843602
2025-11-30,SKU036,5,6.286352772332296
2025-12-01,SKU036,0,4.286524026328584
2025-12-02,SKU036,7,4.1617908463689215
2025-12-03,SKU036,3,4.078551694365998
2025-12-04,SKU036,2,4.252315108951991
2025-12-05,SKU036,3,4.356923156616427
2025-12-06,SKU036,7,4.332420448886733
2025-12-07,SKU036,5,4.350201397239399
2025-12-08,SKU036,5,4.385226110815059
2025-12-09,SKU036,4,4.142219612442622
2025-12-10,SKU036,5,4.1447550752880185
2025-12-11,SKU036,2,4.309205072932277
2025-12-12,SKU036,3,4.566468892470038
2025-12-13,SKU036,8,4.308878853210356
2025-12-14,SKU036,4,4.618363602593875
2025-12-15,SKU036,5,4.176779154891399
2025-12-16,SKU036,5,3.9359185030432586
2025-12-17,SKU036,6,3.7365218880620588
2025-12-18,SKU036,7,4.258787417550208
2025-12-19,SKU036,5,4.710280504576418
2025-12-20,SKU036,4,4.286324518421643
2025-12-21,SKU036,4,4.319727329897034
2025-12-22,SKU036,3,4.094435050271527
2025-12-23,SKU036,3,4.257795294522867
2025-12-24,SKU036,6,4.049586533271478
2025-12-25,SKU036,2,4.1288119242230685
2025-12-26,SKU036,6,4.239165539183014
2025-12-27,SKU036,4,4.065482118305096
2025-12-28,SKU036,6,4.430516173518494
2025-12-29,SKU036,4,4.217473868443421
2025-12-30,SKU036,2,3.91859756598074
2025-12-31,SKU036,3,4.098431929092506
2025-08-13,SKU037,22,19.181705025285805
2025-08-14,SKU037,15,19.151696718573348
2025-08-15,SKU037,20,18.9573383782279
2025-08-16,SKU037,29,24.051295895763847
2025-08-17,SKU037,25,22.472639989172695
2025-08-18,SKU037,25,19.778000600727363
2025-08-19,SKU037,25,20.872614413761504
2025-08-20,SKU037,21,19.4085786929272
2025-08-21,SKU037,18,19.296810829814255
2025-08-22,SKU037,24,18.80836907160393
2025-08-23,SKU037,25,22.643532875017087
2025-08-24,SKU037,32,24.096104506886736
2025-08-25,SKU037,21,20.244794960259217
2025-08-26,SKU037,30,20.111162482397948
2025-08-27,SKU037,24,20.111632496617382
2025-08-28,SKU037,20,20.299920622822107
2025-08-29,SKU037,23,20.517927200443875
2025-08-30,SKU037,18,24.324485254387437
2025-08-31,SKU037,35,22.790230374231264
2025-09-01,SKU037,12,20.315130648124843
2025-09-02,SKU037,22,20.55949432166606
2025-09-03,SKU037,23,19.90480966806232
2025-09-04,SKU037,12,19.56345574579867
2025-09-05,SKU037,16,19.060215885050766
2025-09-06,SKU037,21,27.919943176331525
2025-09-07,SKU037,27,29.50241374669154
2025-09-08,SKU037,19,20.044675774435884
2025-09-09,SKU037,16,19.381812871993514
2025-09-10,SKU037,22,18.80192671956504
2025-09-11,SKU037,18,19.721485069461654
2025-09-12,SKU037,22,19.2230963321821
2025-09-13,SKU037,29,31.5048605440703
2025-09-14,SKU037,28,30.73910269343743
2025-09-15,SKU037,13,19.860330624629484
2025-09-16,SKU037,23,19.92521117400136
2025-09-17,SKU037,18,19.038029193069953
2025-09-18,SKU037,28,19.19139057277485
2025-09-19,SKU037,28,20.048396878114048
2025-09-20,SKU037,30,30.186957321118335
2025-09-21,SKU037,25,29.941376674700503
2025-09-22,SKU037,23,19.995074921247422
2025-09-23,SKU037,32,20.56902978658287
2025-09-24,SKU037,16,20.318694358240517
2025-09-25,SKU037,19,21.430793662459237
2025-09-26,SKU037,22,21.57013643120131
2025-09-27,SKU037,21,26.77425840390289
2025-09-28,SKU037,24,28.702720156857826
2025-09-29,SKU037,19,19.508420139416785
2025-09-30,SKU037,23,19.28773975445427
2025-10-01,SKU037,13,19.700445978455228
2025-10-02,SKU037,21,19.389658614747667
2025-10-03,SKU037,22,19.00929302776879
2025-10-04,SKU037,21,23.84937819678961
2025-10-05,SKU037,21,24.108864760748357
2025-10-06,SKU037,17,19.635308144562735
2025-10-07,SKU037,14,19.5086199958546
2025-10-08,SKU037,23,19.415571154395263
2025-10-09,SKU037,19,19.15484093250268
2025-10-10,SKU037,21,19.190929320659965
2025-10-11,SKU037,15,22.492524379476762
2025-10-12,SKU037,19,22.25682070508678
2025-10-13,SKU037,18,19.979390585579953
2025-10-14,SKU037,16,20.293547924862636
2025-10-15,SKU037,22,19.418298225187186
2025-10-16,SKU037,27,18.84491508804833
2025-10-17,SKU037,20,19.66133088223821
2025-10-18,SKU037,20,22.988081547211117
2025-10-19,SKU037,24,22.738244927270426
2025-10-20,SKU037,20,17.784743173543237
2025-10-21,SKU037,22,17.086098171930118
2025-10-22,SKU037,27,18.282012908920205
2025-10-23,SKU037,13,17.899293482763163
2025-10-24,SKU037,20,17.9047106613702
2025-10-25,SKU037,19,20.58306295016355
2025-10-26,SKU037,18,20.286492319037695
2025-10-27,SKU037,24,17.903121080992264
2025-10-28,SKU037,15,17.774666699013867
2025-10-29,SKU037,29,18.312738784729703
2025-10-30,SKU037,18,17.20592625576614
2025-10-31,SKU037,19,17.773408584802286
2025-11-01,SKU037,27,27.190739481769146
2025-11-02,SKU037,22,25.66923685688874
2025-11-03,SKU037,25,18.788034156482226
2025-11-04,SKU037,19,18.61088693768957
2025-11-05,SKU037,25,18.98017981383533
2025-11-06,SKU037,19,19.511807691723007
2025-11-07,SKU037,26,19.35634411489851
2025-11-08,SKU037,30,27.487647250649374
2025-11-09,SKU037,27,27.498024715329155
2025-11-10,SKU037,22,21.254954305433003
2025-11-11,SKU037,23,20.174399665071018
2025-11-12,SKU037,20,19.842927332507546
2025-11-13,SKU037,22,19.506239430684037
2025-11-14,SKU037,21,19.49564517064066
2025-11-15,SKU037,22,27.87715575923624
2025-11-16,SKU037,20,27.70581986757845
2025-11-17,SKU037,25,19.570637473233518
2025-11-18,SKU037,14,19.462376599089836
2025-11-19,SKU037,27,19.776687237190394
2025-11-20,SKU037,23,19.319061734402336
2025-11-21,SKU037,23,19.861245274963384
2025-11-22,SKU037,27,30.89097883570014
2025-11-23,SKU037,27,29.917580359446937
2025-11-24,SKU037,19,20.44760307594489
2025-11-25,SKU037,16,20.38676613419959
2025-11-26,SKU037,20,20.42138770141728
2025-11-27,SKU037,15,19.31581235230098
2025-11-28,SKU037,19,19.49708131347839
2025-11-29,SKU037,23,30.240054545487986
2025-11-30,SKU037,32,30.734835356634573
2025-12-01,SKU037,26,19.63150545278951
2025-12-02,SKU037,23,21.358681348195955
2025-12-03,SKU037,17,21.054740593721814
2025-12-04,SKU037,12,21.11213265739801
2025-12-05,SKU037,25,21.14788203852647
2025-12-06,SKU037,30,27.73759118194429
2025-12-07,SKU037,22,25.38634141449433
2025-12-08,SKU037,16,20.879885600152193
2025-12-09,SKU037,22,20.525865219362526
2025-12-10,SKU037,19,20.662425218176665
2025-12-11,SKU037,16,20.699963993359784
2025-12-12,SKU037,18,20.45853442211538
2025-12-13,SKU037,20,25.981406001515182
2025-12-14,SKU037,22,25.73103264762855
2025-12-15,SKU037,19,21.217386620225803
2025-12-16,SKU037,14,20.97119574338347
2025-12-17,SKU037,25,19.91111335412921
2025-12-18,SKU037,19,20.56498765593538
2025-12-19,SKU037,17,20.070700430663734
2025-12-20,SKU037,19,24.78915692870859
2025-12-21,SKU037,26,24.17771309686088
2025-12-22,SKU037,28,18.35233024183909
2025-12-23,SKU037,20,19.100493784371718
2025-12-24,SKU037,22,20.428065787400975
2025-12-25,SKU037,23,19.49650939828856
2025-12-26,SKU037,23,20.998632099531182
2025-12-27,SKU037,20,27.034075411692296
2025-12-28,SKU037,25,26.471260605996868
2025-12-29,SKU037,19,21.20219069583698
2025-12-30,SKU037,23,19.602231782047333
2025-12-31,SKU037,17,19.670894697580493
2025-08-13,SKU038,3,6.575479015952009
2025-08-14,SKU038,11,6.372552290322266
2025-08-15,SKU038,10,5.886060019035759
2025-08-16,SKU038,7,7.038722435043625
2025-08-17,SKU038,8,7.159406533388761
2025-08-18,SKU038,6,6.664473512360425
2025-08-19,SKU038,4,6.912674653907009
2025-08-20,SKU038,5,5.9301931622222
2025-08-21,SKU038,6,6.490716365847338
2025-08-22,SKU038,6,6.545881710643406
2025-08-23,SKU038,8,7.044707699673529
2025-08-24,SKU038,12,7.618928633827334
2025-08-25,SKU038,5,6.437033358353396
2025-08-26,SKU038,6,6.117456439951402
2025-08-27,SKU038,5,6.371864703850166
2025-08-28,SKU038,13,6.377630157596652
2025-08-29,SKU038,8,5.896335784423386
2025-08-30,SKU038,5,7.215218244901479
2025-08-31,SKU038,7,6.9766728575971255
2025-09-01,SKU038,6,5.986610905810799
2025-09-02,SKU038,8,6.220533132108557
2025-09-03,SKU038,3,6.353992033219998
2025-09-04,SKU038,6,6.868382635269986
2025-09-05,SKU038,4,6.247636953581732
2025-09-06,SKU038,10,9.192320552799616
2025-09-07,SKU038,11,8.63066236304699
2025-09-08,SKU038,7,7.057972546702867
2025-09-09,SKU038,4,6.954818774043883
2025-09-10,SKU038,3,5.737069043510173
2025-09-11,SKU038,7,6.121400077015329
2025-09-12,SKU038,3,5.846857577707579
2025-09-13,SKU038,13,8.30327007469898
2025-09-14,SKU038,10,9.271183433394054
2025-09-15,SKU038,7,6.066380429346095
2025-09-16,SKU038,7,5.839581320159107
2025-09-17,SKU038,10,5.561671599921866
2025-09-18,SKU038,4,6.6838444337146345
2025-09-19,SKU038,5,5.663189437860614
2025-09-20,SKU038,4,8.58202177741859
2025-09-21,SKU038,3,9.577075634797675
2025-09-22,SKU038,4,5.878869035317441
2025-09-23,SKU038,4,5.825542052765252
2025-09-24,SKU038,4,5.723474633865809
2025-09-25,SKU038,7,6.431325956521399
2025-09-26,SKU038,6,5.583079777330206
2025-09-27,SKU038,14,8.867328556473703
2025-09-28,SKU038,10,8.665031191036467
2025-09-29,SKU038,6,5.838248114252951
2025-09-30,SKU038,2,5.9265899046666695
2025-10-01,SKU038,5,5.740928223943862
2025-10-02,SKU038,6,5.725737263606424
2025-10-03,SKU038,4,5.951265490674993
2025-10-04,SKU038,4,6.243251206109408
2025-10-05,SKU038,13,6.8662375538914375
2025-10-06,SKU038,7,5.715255273448597
2025-10-07,SKU038,7,5.783557586158703
2025-10-08,SKU038,6,5.780297588737962
2025-10-09,SKU038,6,6.245762908157619
2025-10-10,SKU038,6,5.925465562382765
2025-10-11,SKU038,6,8.05269512911246
2025-10-12,SKU038,10,6.594015656058027
2025-10-13,SKU038,9,5.6708621326259845
2025-10-14,SKU038,6,5.607501301651776
2025-10-15,SKU038,5,5.809541882951229
2025-10-16,SKU038,5,5.982533386769766
2025-10-17,SKU038,6,6.102032512968417
2025-10-18,SKU038,6,6.098504198485241
2025-10-19,SKU038,7,7.145080269014495
2025-10-20,SKU038,6,5.894084487438266
2025-10-21,SKU038,3,6.056265012906927
2025-10-22,SKU038,6,6.302807050406826
2025-10-23,SKU038,8,6.086794292333937
2025-10-24,SKU038,7,6.187613417138822
2025-10-25,SKU038,8,7.464321981652727
2025-10-26,SKU038,6,6.629732736906865
2025-10-27,SKU038,3,5.9046833861674255
2025-10-28,SKU038,8,5.790088741884488
2025-10-29,SKU038,8,5.829590457573447
2025-10-30,SKU038,5,6.105645299571953
2025-10-31,SKU038,6,5.990097260620141
2025-11-01,SKU038,3,7.581266645744218
2025-11-02,SKU038,4,8.301119850912263
2025-11-03,SKU038,8,6.104870196181069
2025-11-04,SKU038,5,6.309491498932147
2025-11-05,SKU038,5,6.151632561662709
2025-11-06,SKU038,10,6.391972857788534
2025-11-07,SKU038,5,6.5948159507085355
2025-11-08,SKU038,9,8.663063280264828
2025-11-09,SKU038,8,9.422036216560384
2025-11-10,SKU038,5,6.255739963274809
2025-11-11,SKU038,6,6.318716538371713
2025-11-12,SKU038,9,6.3501432548878824
2025-11-13,SKU038,4,6.250960409137106
2025-11-14,SKU038,7,6.570447556260351
2025-11-15,SKU038,7,8.022137534246317
2025-11-16,SKU038,10,8.10463513166006
2025-11-17,SKU038,7,6.159067329807617
2025-11-18,SKU038,8,6.027010387170621
2025-11-19,SKU038,5,6.041566281274036
2025-11-20,SKU038,8,6.159753004819081
2025-11-21,SKU038,14,6.116668519590824
2025-11-22,SKU038,13,8.649654205214533
2025-11-23,SKU038,6,8.749000927062653
2025-11-24,SKU038,6,6.254695023189746
2025-11-25,SKU038,8,6.8064091070708095
2025-11-26,SKU038,8,6.638559196104104
2025-11-27,SKU038,8,6.772621871598755
2025-11-28,SKU038,6,6.996169023523225
2025-11-29,SKU038,9,8.592864342248014
2025-11-30,SKU038,16,10.129723093767232
2025-12-01,SKU038,5,7.9192313572079085
2025-12-02,SKU038,5,7.471031409585154
2025-12-03,SKU038,5,7.377476482893226
2025-12-04,SKU038,6,7.5226892612790985
2025-12-05,SKU038,5,7.581559816229923
2025-12-06,SKU038,7,7.963963332578066
2025-12-07,SKU038,6,7.559606480989272
2025-12-08,SKU038,9,7.597049756565755
2025-12-09,SKU038,11,6.933138908189353
2025-12-10,SKU038,5,7.020359983662791
2025-12-11,SKU038,3,7.390222049503092
2025-12-12,SKU038,8,7.2214026492055075
2025-12-13,SKU038,8,7.296002178999543
2025-12-14,SKU038,5,7.6635461909036175
2025-12-15,SKU038,5,7.730317300558585
2025-12-16,SKU038,6,7.377062572664138
2025-12-17,SKU038,5,6.991355638939106
2025-12-18,SKU038,11,7.2969076922546465
2025-12-19,SKU038,12,7.700100523829462
2025-12-20,SKU038,5,7.694072208525602
2025-12-21,SKU038,5,7.401882979249703
2025-12-22,SKU038,6,5.779364143826275
2025-12-23,SKU038,10,6.323241898156936
2025-12-24,SKU038,11,6.314956473204021
2025-12-25,SKU038,4,7.515750577193205
2025-12-26,SKU038,7,6.632915947937924
2025-12-27,SKU038,8,7.2230045103697345
2025-12-28,SKU038,10,8.005457882639643
2025-12-29,SKU038,7,6.472254728233479
2025-12-30,SKU038,13,7.039739181134686
2025-12-31,SKU038,11,7.394002052153876
2025-08-13,SKU039,0,3.3379653677671985
2025-08-14,SKU039,3,3.475267372951393
2025-08-15,SKU039,5,3.5939130288388395
2025-08-16,SKU039,2,3.5378904975163175
2025-08-17,SKU039,3,3.5955514069346854
2025-08-18,SKU039,4,3.4835926508314348
2025-08-19,SKU039,2,3.4551479132487377
2025-08-20,SKU039,2,3.686913231381122
2025-08-21,SKU039,1,3.4956155367836708
2025-08-22,SKU039,4,3.6159910382183114
2025-08-23,SKU039,2,3.0800005715034047
2025-08-24,SKU039,3,2.722831005871866
2025-08-25,SKU039,1,2.355856340093764
2025-08-26,SKU039,2,2.3106833501494974
2025-08-27,SKU039,1,2.2950681878897767
2025-08-28,SKU039,3,2.291210946336692
2025-08-29,SKU039,5,2.603402828145724
2025-08-30,SKU039,1,2.617119126488216
2025-08-31,SKU039,0,2.8922606066885583
2025-09-01,SKU039,4,1.8957808064215333
2025-09-02,SKU039,3,2.3823408155521344
2025-09-03,SKU039,0,2.295346771792247
2025-09-04,SKU039,1,2.755825218076385
2025-09-05,SKU039,3,2.8171812467418307
2025-09-06,SKU039,2,4.816638948002382
2025-09-07,SKU039,4,4.275983544734303
2025-09-08,SKU039,2,2.228945958078686
2025-09-09,SKU039,1,2.687829334192291
2025-09-10,SKU039,1,2.383102056572342
2025-09-11,SKU039,3,2.3139788941703254
2025-09-12,SKU039,5,2.775272324238649
2025-09-13,SKU039,2,2.7017012985553372
2025-09-14,SKU039,6,2.572064801083402
2025-09-15,SKU039,2,2.294806206175961
2025-09-16,SKU039,2,2.354846300443946
2025-09-17,SKU039,4,2.4713939472456685
2025-09-18,SKU039,3,2.95916650439926
2025-09-19,SKU039,2,3.154182926517609
2025-09-20,SKU039,2,2.7200452124509154
2025-09-21,SKU039,3,2.38138158627455
2025-09-22,SKU039,6,2.1878246200700255
2025-09-23,SKU039,0,2.5060112463279633
2025-09-24,SKU039,1,2.695705353903076
2025-09-25,SKU039,5,2.6525132974666996
2025-09-26,SKU039,2,2.606870378577674
2025-09-27,SKU039,9,2.835000729647034
2025-09-28,SKU039,2,3.595249843031404
2025-09-29,SKU039,5,1.810484197015802
2025-09-30,SKU039,3,2.25762778816196
2025-10-01,SKU039,5,2.2998740601612697
2025-10-02,SKU039,4,2.1682625190493225
2025-10-03,SKU039,3,3.3911779282222456
2025-10-04,SKU039,4,3.6129973615271576
2025-10-05,SKU039,2,3.6560138151983104
2025-10-06,SKU039,2,2.398595516926904
2025-10-07,SKU039,1,2.8157795395129455
2025-10-08,SKU039,2,2.9270053851174787
2025-10-09,SKU039,3,3.1115755365451667
2025-10-10,SKU039,5,3.3846199410825926
2025-10-11,SKU039,2,3.43029455502056
2025-10-12,SKU039,2,3.567483721966734
2025-10-13,SKU039,2,1.692252603914275
2025-10-14,SKU039,1,2.1367641529147807
2025-10-15,SKU039,3,2.1779485052103014
2025-10-16,SKU039,3,2.6742013405982554
2025-10-17,SKU039,3,2.653072837952838
2025-10-18,SKU039,3,2.7105069798290513
2025-10-19,SKU039,1,2.878395832412189
2025-10-20,SKU039,3,1.6912205103901063
2025-10-21,SKU039,5,1.9182636872455867
2025-10-22,SKU039,0,2.3525161270236716
2025-10-23,SKU039,2,2.756476227630537
2025-10-24,SKU039,2,2.760960758558287
2025-10-25,SKU039,4,2.8566558895925276
2025-10-26,SKU039,3,2.606062917615887
2025-10-27,SKU039,3,2.2727634958864047
2025-10-28,SKU039,3,2.32802898503096
2025-10-29,SKU039,3,2.363852836678367
2025-10-30,SKU039,1,2.4668516074328126
2025-10-31,SKU039,3,2.545446545456455
2025-11-01,SKU039,2,3.0061539782923505
2025-11-02,SKU039,3,2.869264348163972
2025-11-03,SKU039,4,2.5244351657736788
2025-11-04,SKU039,4,2.6993373073858744
2025-11-05,SKU039,3,2.647406662920506
2025-11-06,SKU039,3,2.3460588696801956
2025-11-07,SKU039,1,2.626310446730389
2025-11-08,SKU039,1,3.185096396317939
2025-11-09,SKU039,2,2.690721120640394
2025-11-10,SKU039,3,2.124066201243243
2025-11-11,SKU039,6,2.3966206522684046
2025-11-12,SKU039,2,2.5971870997981394
2025-11-13,SKU039,5,2.720395829088671
2025-11-14,SKU039,5,2.569430676120388
2025-11-15,SKU039,3,4.431793733736231
2025-11-16,SKU039,0,3.855677471700102
2025-11-17,SKU039,5,2.203375646308257
2025-11-18,SKU039,1,2.195282936228514
2025-11-19,SKU039,3,2.3003069288260787
2025-11-20,SKU039,3,2.328937479532677
2025-11-21,SKU039,0,2.6936676190589837
2025-11-22,SKU039,2,5.27934672757265
2025-11-23,SKU039,4,4.793430118077124
2025-11-24,SKU039,0,1.921622830199158
2025-11-25,SKU039,0,2.1043381647477895
2025-11-26,SKU039,2,2.57799663598736
2025-11-27,SKU039,3,2.4773188414157916
2025-11-28,SKU039,2,2.4763696938805904
2025-11-29,SKU039,3,4.092783737912777
2025-11-30,SKU039,3,3.9712895899846767
2025-12-01,SKU039,7,2.299714759818032
2025-12-02,SKU039,4,2.5139379877084904
2025-12-03,SKU039,4,2.488256214787221
2025-12-04,SKU039,2,2.43215179802956
2025-12-05,SKU039,2,2.5853466571483548
2025-12-06,SKU039,2,2.8840692151987555
2025-12-07,SKU039,2,2.9663683704361268
2025-12-08,SKU039,0,2.2058659185120817
2025-12-09,SKU039,3,2.371174163050992
2025-12-10,SKU039,3,2.462604787002784
2025-12-11,SKU039,3,2.3009738459109
2025-12-12,SKU039,1,2.545852017393565
2025-12-13,SKU039,4,2.63607158960738
2025-12-14,SKU039,1,2.8357732347543445
2025-12-15,SKU039,1,2.4859951766277333
2025-12-16,SKU039,4,2.672891063752352
2025-12-17,SKU039,0,2.8166627500209724
2025-12-18,SKU039,0,2.6222877675565326
2025-12-19,SKU039,2,2.4410302763643763
2025-12-20,SKU039,2,2.592509775102483
2025-12-21,SKU039,3,2.867949056421824
2025-12-22,SKU039,3,2.364573853985182
2025-12-23,SKU039,7,2.356630304155618
2025-12-24,SKU039,1,2.436951941989769
2025-12-25,SKU039,6,2.638224699751533
2025-12-26,SKU039,2,2.489698685098778
2025-12-27,SKU039,1,2.7837846453251403
2025-12-28,SKU039,1,2.627743028724889
2025-12-29,SKU039,3,2.78718270675182
2025-12-30,SKU039,6,2.467014126624785
2025-12-31,SKU039,3,2.726645748297719
2025-08-13,SKU040,12,12.194354055067674
2025-08-14,SKU040,12,11.892157711495452
2025-08-15,SKU040,10,12.08796175322346
2025-08-16,SKU040,16,14.251857857360344
2025-08-17,SKU040,18,15.544343208086048
2025-08-18,SKU040,18,12.392229530390704
2025-08-19,SKU040,12,12.988611936795671
2025-08-20,SKU040,16,11.902139686695797
2025-08-21,SKU040,22,12.167497233223653
2025-08-22,SKU040,9,14.556112263739724
2025-08-23,SKU040,11,14.21890947714714
2025-08-24,SKU040,22,15.352477964260336
2025-08-25,SKU040,11,12.657325131668024
2025-08-26,SKU040,11,12.319748934139064
2025-08-27,SKU040,19,12.010387826739182
2025-08-28,SKU040,10,12.506049387000683
2025-08-29,SKU040,12,12.683838524473988
2025-08-30,SKU040,19,15.006298560028961
2025-08-31,SKU040,17,15.768126514295163
2025-09-01,SKU040,12,12.103826853849762
2025-09-02,SKU040,14,11.847844181796507
2025-09-03,SKU040,19,12.057396511356078
2025-09-04,SKU040,16,12.620393482774228
2025-09-05,SKU040,13,11.814177366940434
2025-09-06,SKU040,14,17.40483598927553
2025-09-07,SKU040,17,19.071199124048782
2025-09-08,SKU040,13,14.069510672760806
2025-09-09,SKU040,10,12.497250125189742
2025-09-10,SKU040,18,13.648159454468285
2025-09-11,SKU040,12,14.456361652801952
2025-09-12,SKU040,15,14.077939566663964
2025-09-13,SKU040,17,20.04128485664937
2025-09-14,SKU040,21,20.46496154797279
2025-09-15,SKU040,16,14.120838505241075
2025-09-16,SKU040,17,14.16102580108304
2025-09-17,SKU040,15,14.373814859792253
2025-09-18,SKU040,11,14.264879068817388
2025-09-19,SKU040,17,15.132621221597049
2025-09-20,SKU040,14,21.02776581199536
2025-09-21,SKU040,19,20.190413326776767
2025-09-22,SKU040,11,14.232319418352656
2025-09-23,SKU040,11,14.227668893673972
2025-09-24,SKU040,15,14.146561143952862
2025-09-25,SKU040,12,14.035499704382351
2025-09-26,SKU040,8,13.973749388737167
2025-09-27,SKU040,15,20.68794066995086
2025-09-28,SKU040,15,20.588688336303157
2025-09-29,SKU040,8,13.716779110499473
2025-09-30,SKU040,16,12.403839383601767
2025-10-01,SKU040,7,12.856124055924768
2025-10-02,SKU040,6,12.399196160042004
2025-10-03,SKU040,14,12.490395291205862
2025-10-04,SKU040,10,14.343684261116833
2025-10-05,SKU040,15,14.078350673770125
2025-10-06,SKU040,12,11.469822106781397
2025-10-07,SKU040,12,11.743449484972516
2025-10-08,SKU040,16,11.873287036445022
2025-10-09,SKU040,7,11.689460912188352
2025-10-10,SKU040,13,12.020197335202115
2025-10-11,SKU040,12,14.35818389967187
2025-10-12,SKU040,10,14.367638275584586
2025-10-13,SKU040,15,11.014993886679859
2025-10-14,SKU040,10,11.235150976661323
2025-10-15,SKU040,12,11.71789827871413
2025-10-16,SKU040,9,11.121564237791409
2025-10-17,SKU040,7,11.720831239487106
2025-10-18,SKU040,19,12.63042692943168
2025-10-19,SKU040,9,12.455241396053625
2025-10-20,SKU040,9,10.71678529762909
2025-10-21,SKU040,21,10.106796584982257
2025-10-22,SKU040,10,11.571483794097844
2025-10-23,SKU040,17,11.17824127533833
2025-10-24,SKU040,7,11.27047168409189
2025-10-25,SKU040,8,12.813228558787094
2025-10-26,SKU040,19,12.125091732100145
2025-10-27,SKU040,16,10.830688938198948
2025-10-28,SKU040,14,11.337535041836205
2025-10-29,SKU040,10,11.398971387423435
2025-10-30,SKU040,11,11.509634868151918
2025-10-31,SKU040,18,11.178195233131904
2025-11-01,SKU040,18,16.52494968741173
2025-11-02,SKU040,16,15.427651394085224
2025-11-03,SKU040,12,11.572721502595932
2025-11-04,SKU040,10,11.483709297485127
2025-11-05,SKU040,11,11.744956257815453
2025-11-06,SKU040,13,11.633482074544702
2025-11-07,SKU040,16,11.657374896525027
2025-11-08,SKU040,13,14.74827508570976
2025-11-09,SKU040,14,15.165361012860524
2025-11-10,SKU040,14,11.471431754724641
2025-11-11,SKU040,7,12.208688317815684
2025-11-12,SKU040,12,11.620908565096055
2025-11-13,SKU040,12,11.543162083885996
2025-11-14,SKU040,17,11.781630852527536
2025-11-15,SKU040,21,18.544834766091956
2025-11-16,SKU040,15,18.96402485576224
2025-11-17,SKU040,10,12.215314921203579
2025-11-18,SKU040,7,11.947652428893834
2025-11-19,SKU040,15,12.39051278385211
2025-11-20,SKU040,16,12.287977547355556
2025-11-21,SKU040,5,11.953757346220813
2025-11-22,SKU040,14,16.366131212604287
2025-11-23,SKU040,19,19.548007134116677
2025-11-24,SKU040,8,11.958368647422592
2025-11-25,SKU040,11,11.594169511084976
2025-11-26,SKU040,5,11.849647534466863
2025-11-27,SKU040,12,11.94006350176406
2025-11-28,SKU040,11,12.04290451277254
2025-11-29,SKU040,14,14.942822660579965
2025-11-30,SKU040,15,14.536816687686398
2025-12-01,SKU040,14,11.076696957346405
2025-12-02,SKU040,19,11.467988826614006
2025-12-03,SKU040,8,11.021379944200497
2025-12-04,SKU040,20,11.623864564857318
2025-12-05,SKU040,11,12.336065346756216
2025-12-06,SKU040,17,13.837078873708128
2025-12-07,SKU040,14,14.735259235264266
2025-12-08,SKU040,9,11.84779592513478
2025-12-09,SKU040,13,11.72001054090317
2025-12-10,SKU040,13,12.353438539645888
2025-12-11,SKU040,15,13.03363429414855
2025-12-12,SKU040,15,12.502580358592347
2025-12-13,SKU040,16,15.479689117491732
2025-12-14,SKU040,20,14.798852136618429
2025-12-15,SKU040,12,12.288918448808976
2025-12-16,SKU040,21,11.888847650646962
2025-12-17,SKU040,7,12.669682738749026
2025-12-18,SKU040,10,11.850693245001407
2025-12-19,SKU040,14,12.155665926317136
2025-12-20,SKU040,14,15.225172035692259
2025-12-21,SKU040,15,16.69122314981368
2025-12-22,SKU040,17,12.581063494234098
2025-12-23,SKU040,15,12.348076348940074
2025-12-24,SKU040,18,13.405547325021068
2025-12-25,SKU040,5,13.889777113869048
2025-12-26,SKU040,7,12.915144359060557
2025-12-27,SKU040,8,14.608439610439934
2025-12-28,SKU040,6,14.729896831002518
2025-12-29,SKU040,10,11.962364359305734
2025-12-30,SKU040,9,12.487782201981283
2025-12-31,SKU040,13,12.964075039944014
2025-08-13,SKU041,9,9.380070871938193
2025-08-14,SKU041,14,8.942587433111434
2025-08-15,SKU041,7,9.617111252709941
2025-08-16,SKU041,11,10.598442285168428
2025-08-17,SKU041,14,11.134669946295467
2025-08-18,SKU041,12,8.54719250577265
2025-08-19,SKU041,12,8.789535425557112
2025-08-20,SKU041,19,8.5339376483266
2025-08-21,SKU041,6,10.129586960608085
2025-08-22,SKU041,7,10.391281076091081
2025-08-23,SKU041,5,8.912684830121592
2025-08-24,SKU041,5,10.719090126187968
2025-08-25,SKU041,11,9.454420251199226
2025-08-26,SKU041,12,9.31210021078593
2025-08-27,SKU041,9,9.875919676189563
2025-08-28,SKU041,7,9.623895447931712
2025-08-29,SKU041,12,9.936856464261078
2025-08-30,SKU041,19,11.41260473231315
2025-08-31,SKU041,10,9.331534669898252
2025-09-01,SKU041,10,9.79087025716045
2025-09-02,SKU041,10,9.512848310574123
2025-09-03,SKU041,5,9.980058436292486
2025-09-04,SKU041,9,9.4701750530071
2025-09-05,SKU041,3,8.67457666548081
2025-09-06,SKU041,17,12.209408030185784
2025-09-07,SKU041,18,12.35883851042302
2025-09-08,SKU041,4,10.095144524427527
2025-09-09,SKU041,6,9.270097181169966
2025-09-10,SKU041,13,9.59189092884856
2025-09-11,SKU041,9,8.991136724687308
2025-09-12,SKU041,7,9.192767598891614
2025-09-13,SKU041,11,11.499733553115117
2025-09-14,SKU041,8,10.918640055075139
2025-09-15,SKU041,10,9.642193785976968
2025-09-16,SKU041,9,9.228671649844632
2025-09-17,SKU041,7,9.120224662525258
2025-09-18,SKU041,6,8.310610263228979
2025-09-19,SKU041,8,8.231477347287736
2025-09-20,SKU041,13,12.445488577539926
2025-09-21,SKU041,13,12.259473277235788
2025-09-22,SKU041,8,9.476458796374748
2025-09-23,SKU041,3,9.098911248124232
2025-09-24,SKU041,12,8.763132566297756
2025-09-25,SKU041,8,8.5419060133707
2025-09-26,SKU041,6,9.390341303279174
2025-09-27,SKU041,12,13.127158366581998
2025-09-28,SKU041,13,11.905496799153727
2025-09-29,SKU041,8,8.513895206641248
2025-09-30,SKU041,9,9.373164957786765
2025-10-01,SKU041,12,8.31941465292743
2025-10-02,SKU041,6,8.30722059844829
2025-10-03,SKU041,13,8.475829416770281
2025-10-04,SKU041,12,9.933842797972032
2025-10-05,SKU041,7,10.123878025591104
2025-10-06,SKU041,4,8.430280705269709
2025-10-07,SKU041,10,8.332804189042228
2025-10-08,SKU041,10,8.336747478586847
2025-10-09,SKU041,7,8.5121788522804
2025-10-10,SKU041,4,7.9462291329961605
2025-10-11,SKU041,10,10.309164423347703
2025-10-12,SKU041,9,10.730965284392948
2025-10-13,SKU041,13,8.707264061795154
2025-10-14,SKU041,9,8.390005012649555
2025-10-15,SKU041,5,8.27733223876414
2025-10-16,SKU041,8,8.276615548997801
2025-10-17,SKU041,11,8.864213410254026
2025-10-18,SKU041,6,10.589403565402035
2025-10-19,SKU041,10,10.631050467972232
2025-10-20,SKU041,7,8.241612956262731
2025-10-21,SKU041,7,8.238059765682443
2025-10-22,SKU041,7,8.392195439643439
2025-10-23,SKU041,12,7.619208165812738
2025-10-24,SKU041,8,7.8792918870872874
2025-10-25,SKU041,2,10.557279102149288
2025-10-26,SKU041,9,9.546214960022205
2025-10-27,SKU041,7,7.125479019055061
2025-10-28,SKU041,6,7.197399974999804
2025-10-29,SKU041,3,7.390699094641634
2025-10-30,SKU041,10,6.893351616641493
2025-10-31,SKU041,12,7.2742390999594475
2025-11-01,SKU041,18,9.446722210263234
2025-11-02,SKU041,11,10.169787204211866
2025-11-03,SKU041,6,7.263304806019444
2025-11-04,SKU041,9,7.264875785387889
2025-11-05,SKU041,8,6.918301448382303
2025-11-06,SKU041,16,6.683371110723539
2025-11-07,SKU041,4,7.326925552708838
2025-11-08,SKU041,19,12.6902348112628
2025-11-09,SKU041,17,11.219860958885835
2025-11-10,SKU041,8,8.741201969625287
2025-11-11,SKU041,5,8.327546569246865
2025-11-12,SKU041,12,7.998628721226774
2025-11-13,SKU041,6,8.037885720377075
2025-11-14,SKU041,13,8.966515220340472
2025-11-15,SKU041,10,14.216301167437125
2025-11-16,SKU041,11,12.567213352464833
2025-11-17,SKU041,8,8.695831904168495
2025-11-18,SKU041,2,9.380401309635129
2025-11-19,SKU041,12,8.406667569738795
2025-11-20,SKU041,6,9.095721242915353
2025-11-21,SKU041,5,8.196212154495573
2025-11-22,SKU041,6,11.963606711482278
2025-11-23,SKU041,13,12.607789186923316
2025-11-24,SKU041,8,8.578221598123154
2025-11-25,SKU041,17,10.115869715433798
2025-11-26,SKU041,9,9.415934541468411
2025-11-27,SKU041,7,8.945156023061305
2025-11-28,SKU041,13,9.202242141655228
2025-11-29,SKU041,13,12.236175755595609
2025-11-30,SKU041,16,13.928679153491684
2025-12-01,SKU041,11,9.619712865213256
2025-12-02,SKU041,9,9.063217233222652
2025-12-03,SKU041,14,9.63793110599827
2025-12-04,SKU041,8,9.624095390753759
2025-12-05,SKU041,13,9.323005101130295
2025-12-06,SKU041,12,12.619546620993301
2025-12-07,SKU041,11,12.617660237312425
2025-12-08,SKU041,7,9.964872594050382
2025-12-09,SKU041,7,9.720697186518898
2025-12-10,SKU041,10,9.606843790371903
2025-12-11,SKU041,7,9.540168636342582
2025-12-12,SKU041,9,9.681736206718735
2025-12-13,SKU041,11,11.950973531526701
2025-12-14,SKU041,15,12.279510339878843
2025-12-15,SKU041,14,9.935991592437327
2025-12-16,SKU041,7,9.952767337473013
2025-12-17,SKU041,7,9.917653577629975
2025-12-18,SKU041,7,9.661915679540238
2025-12-19,SKU041,11,9.981983827405447
2025-12-20,SKU041,11,11.94489848673047
2025-12-21,SKU041,14,11.44093995963848
2025-12-22,SKU041,5,10.88301729343222
2025-12-23,SKU041,17,10.736805611912967
2025-12-24,SKU041,9,10.809068481974188
2025-12-25,SKU041,12,10.639571107353543
2025-12-26,SKU041,10,10.467647342458328
2025-12-27,SKU041,14,11.137622735670446
2025-12-28,SKU041,3,11.368079044392012
2025-12-29,SKU041,9,9.939561097891055
2025-12-30,SKU041,11,10.16343998406163
2025-12-31,SKU041,5,9.985256917088766
2025-08-13,SKU042,27,19.679828242467376
2025-08-14,SKU042,14,19.728723760219033
2025-08-15,SKU042,21,19.448222252786234
2025-08-16,SKU042,28,22.995758966310188
2025-08-17,SKU042,21,22.385786765354045
2025-08-18,SKU042,17,20.312312935737577
2025-08-19,SKU042,19,20.278056904126633
2025-08-20,SKU042,18,19.887281346167878
2025-08-21,SKU042,25,20.198086617782497
2025-08-22,SKU042,23,19.667550553248976
2025-08-23,SKU042,31,23.00429693261638
2025-08-24,SKU042,21,22.278913205639114
2025-08-25,SKU042,28,20.366179119461535
2025-08-26,SKU042,22,19.911116069095236
2025-08-27,SKU042,23,19.653230670962706
2025-08-28,SKU042,19,20.95498914400119
2025-08-29,SKU042,28,20.111448211394954
2025-08-30,SKU042,21,23.08475079258251
2025-08-31,SKU042,21,22.425516954118578
2025-09-01,SKU042,22,20.033958316928505
2025-09-02,SKU042,17,19.796368454582396
2025-09-03,SKU042,23,19.827295709728986
2025-09-04,SKU042,17,19.357382327872923
2025-09-05,SKU042,21,19.229602037507277
2025-09-06,SKU042,29,28.001422874321815
2025-09-07,SKU042,17,26.93589401074616
2025-09-08,SKU042,20,19.789469865561664
2025-09-09,SKU042,15,20.135470507690467
2025-09-10,SKU042,24,19.59045495119185
2025-09-11,SKU042,20,19.64436280898243
2025-09-12,SKU042,17,19.359815565751266
2025-09-13,SKU042,31,26.86764327271932
2025-09-14,SKU042,22,25.45521543649988
2025-09-15,SKU042,26,19.798092927555597
2025-09-16,SKU042,13,20.61878505406555
2025-09-17,SKU042,22,19.216829863435045
2025-09-18,SKU042,26,19.47171396658299
2025-09-19,SKU042,18,20.307156122377567
2025-09-20,SKU042,29,27.188612255261305
2025-09-21,SKU042,35,27.128723754847453
2025-09-22,SKU042,11,20.422528886203082
2025-09-23,SKU042,24,20.062994901974896
2025-09-24,SKU042,13,19.62920401263896
2025-09-25,SKU042,14,19.68343596065915
2025-09-26,SKU042,11,19.83009354239142
2025-09-27,SKU042,29,27.244450862389613
2025-09-28,SKU042,21,27.845504152839954
2025-09-29,SKU042,21,20.408788696817805
2025-09-30,SKU042,17,19.1907577457355
2025-10-01,SKU042,17,19.720114438934846
2025-10-02,SKU042,15,18.83740270283058
2025-10-03,SKU042,23,19.481907574863282
2025-10-04,SKU042,20,24.44649983253214
2025-10-05,SKU042,19,22.691669084268586
2025-10-06,SKU042,20,18.37131561985424
2025-10-07,SKU042,16,18.25660277761412
2025-10-08,SKU042,26,18.164003095615005
2025-10-09,SKU042,20,17.82635106715509
2025-10-10,SKU042,20,18.059064595850256
2025-10-11,SKU042,15,23.736212318912912
2025-10-12,SKU042,20,21.909452932915347
2025-10-13,SKU042,21,17.65940257053134
2025-10-14,SKU042,22,17.551949044099704
2025-10-15,SKU042,16,17.620282161229387
2025-10-16,SKU042,20,18.178089867862152
2025-10-17,SKU042,22,18.06512066513149
2025-10-18,SKU042,21,20.365256935278484
2025-10-19,SKU042,16,19.562941472805974
2025-10-20,SKU042,13,18.027742238112324
2025-10-21,SKU042,17,17.472513538529206
2025-10-22,SKU042,15,17.322977059311402
2025-10-23,SKU042,18,17.13151170260717
2025-10-24,SKU042,13,17.712711859168355
2025-10-25,SKU042,18,18.274574208084296
2025-10-26,SKU042,23,20.94392157826116
2025-10-27,SKU042,18,17.167108016729404
2025-10-28,SKU042,21,17.311569137624623
2025-10-29,SKU042,11,17.223819494992537
2025-10-30,SKU042,17,17.246857133760514
2025-10-31,SKU042,17,17.008819444505477
2025-11-01,SKU042,26,21.284912457502575
2025-11-02,SKU042,24,25.043247248482704
2025-11-03,SKU042,21,17.543766773898916
2025-11-04,SKU042,15,17.12458949986757
2025-11-05,SKU042,19,16.47379386809846
2025-11-06,SKU042,23,17.096523215670196
2025-11-07,SKU042,14,17.119722967535978
2025-11-08,SKU042,31,26.756062982712915
2025-11-09,SKU042,18,25.689823661385265
2025-11-10,SKU042,17,17.97891622969112
2025-11-11,SKU042,14,17.087986825294102
2025-11-12,SKU042,12,17.108763317706572
2025-11-13,SKU042,16,16.28981837365948
2025-11-14,SKU042,15,17.133332379773474
2025-11-15,SKU042,24,26.015457795974402
2025-11-16,SKU042,34,23.96130133170729
2025-11-17,SKU042,18,17.422060581152685
2025-11-18,SKU042,14,17.13940590717194
2025-11-19,SKU042,15,16.838372794062238
2025-11-20,SKU042,14,17.124568857206295
2025-11-21,SKU042,16,17.199395758946174
2025-11-22,SKU042,27,25.96069965431685
2025-11-23,SKU042,20,25.78513941039293
2025-11-24,SKU042,14,17.880239812356784
2025-11-25,SKU042,22,17.04054616870789
2025-11-26,SKU042,19,17.307746363376932
2025-11-27,SKU042,18,17.621305417794073
2025-11-28,SKU042,22,17.987575101660163
2025-11-29,SKU042,28,25.565487674568914
2025-11-30,SKU042,19,25.475458329212167
2025-12-01,SKU042,21,18.491662896723362
2025-12-02,SKU042,19,18.51500576934004
2025-12-03,SKU042,25,19.76616112049961
2025-12-04,SKU042,18,18.954693885318264
2025-12-05,SKU042,29,19.215640618205047
2025-12-06,SKU042,27,23.747180046157766
2025-12-07,SKU042,17,23.561338975872786
2025-12-08,SKU042,18,19.38383109836692
2025-12-09,SKU042,22,19.193760205420286
2025-12-10,SKU042,16,18.398458890753318
2025-12-11,SKU042,18,17.228673014440503
2025-12-12,SKU042,14,17.889550750782337
2025-12-13,SKU042,21,23.533212518512723
2025-12-14,SKU042,16,22.52332080183497
2025-12-15,SKU042,21,18.983657420726665
2025-12-16,SKU042,25,19.09796793634839
2025-12-17,SKU042,18,17.929263630985727
2025-12-18,SKU042,21,17.993449243573313
2025-12-19,SKU042,23,17.783025416635045
2025-12-20,SKU042,31,23.96017334348124
2025-12-21,SKU042,34,26.719151850116933
2025-12-22,SKU042,17,25.394348491532188
2025-12-23,SKU042,20,22.12062251856628
2025-12-24,SKU042,24,20.715447050312445
2025-12-25,SKU042,21,21.256819570109766
2025-12-26,SKU042,26,22.178776589213108
2025-12-27,SKU042,17,23.761885975431706
2025-12-28,SKU042,23,23.98858028232711
2025-12-29,SKU042,21,20.58774532360647
2025-12-30,SKU042,19,20.434294498784716
2025-12-31,SKU042,17,20.070076930015947
2025-08-13,SKU043,28,19.852633022968515
2025-08-14,SKU043,20,21.178473925038062
2025-08-15,SKU043,18,20.4369426792961
2025-08-16,SKU043,15,23.953957034319743
2025-08-17,SKU043,12,23.339281830073222
2025-08-18,SKU043,13,18.77329445639722
2025-08-19,SKU043,19,18.561997372087166
2025-08-20,SKU043,21,18.623838137628415
2025-08-21,SKU043,14,18.861217888087136
2025-08-22,SKU043,14,18.59140686488896
2025-08-23,SKU043,20,21.60302000143844
2025-08-24,SKU043,29,20.760658618211778
2025-08-25,SKU043,21,18.248437485064283
2025-08-26,SKU043,17,17.98704995706618
2025-08-27,SKU043,21,17.577130235044905
2025-08-28,SKU043,19,17.372808937781116
2025-08-29,SKU043,16,17.646239822379403
2025-08-30,SKU043,20,21.693615525951603
2025-08-31,SKU043,25,21.537268197926373
2025-09-01,SKU043,19,17.517534103058466
2025-09-02,SKU043,14,17.51048245255102
2025-09-03,SKU043,22,17.851097252423678
2025-09-04,SKU043,13,17.854840456082492
2025-09-05,SKU043,21,18.22143250425055
2025-09-06,SKU043,14,24.97614138687696
2025-09-07,SKU043,30,25.94725786050921
2025-09-08,SKU043,13,18.104623781081397
2025-09-09,SKU043,17,17.12446704006226
2025-09-10,SKU043,18,17.154062340491148
2025-09-11,SKU043,17,17.720653048875107
2025-09-12,SKU043,25,17.57395760713208
2025-09-13,SKU043,27,21.58104518758151
2025-09-14,SKU043,26,24.640435393503353
2025-09-15,SKU043,16,17.869662273016914
2025-09-16,SKU043,11,18.002125877226177
2025-09-17,SKU043,23,17.59273262194637
2025-09-18,SKU043,16,18.036040898376363
2025-09-19,SKU043,18,18.102644901678435
2025-09-20,SKU043,27,24.993616904940367
2025-09-21,SKU043,32,25.68450037173029
2025-09-22,SKU043,13,17.695684251012857
2025-09-23,SKU043,13,17.749802875053508
2025-09-24,SKU043,13,17.898997016020008
2025-09-25,SKU043,19,17.580395816588812
2025-09-26,SKU043,22,17.85713431239235
2025-09-27,SKU043,19,25.370363465899576
2025-09-28,SKU043,22,25.37837434369279
2025-09-29,SKU043,13,17.26221250655246
2025-09-30,SKU043,16,17.355657081867246
2025-10-01,SKU043,12,17.280965703623334
2025-10-02,SKU043,14,17.393631079234932
2025-10-03,SKU043,22,17.04509943533762
2025-10-04,SKU043,23,19.361484487760425
2025-10-05,SKU043,15,18.63059404294877
2025-10-06,SKU043,13,17.73013285992263
2025-10-07,SKU043,19,17.80735226060982
2025-10-08,SKU043,20,17.394334709111938
2025-10-09,SKU043,14,17.046105442119497
2025-10-10,SKU043,21,17.218984035847466
2025-10-11,SKU043,21,18.777388671392906
2025-10-12,SKU043,17,18.628542823064063
2025-10-13,SKU043,22,18.38915042374827
2025-10-14,SKU043,12,16.943874045270753
2025-10-15,SKU043,20,17.64654015310464
2025-10-16,SKU043,17,19.099630875923744
2025-10-17,SKU043,15,18.03097290057873
2025-10-18,SKU043,15,17.381353053629756
2025-10-19,SKU043,22,17.497527779235412
2025-10-20,SKU043,19,17.33944272211089
2025-10-21,SKU043,25,17.716684251066468
2025-10-22,SKU043,10,17.06700237329166
2025-10-23,SKU043,13,17.91954935780807
2025-10-24,SKU043,14,18.53410471103305
2025-10-25,SKU043,19,17.663344876907033
2025-10-26,SKU043,17,18.21721019367428
2025-10-27,SKU043,18,16.03956112411786
2025-10-28,SKU043,28,16.984353057101277
2025-10-29,SKU043,11,18.58162889142226
2025-10-30,SKU043,17,18.301047413113373
2025-10-31,SKU043,19,19.017497071428135
2025-11-01,SKU043,26,21.523366742350827
2025-11-02,SKU043,28,22.029974019506835
2025-11-03,SKU043,20,16.519970780950743
2025-11-04,SKU043,20,17.203699935123517
2025-11-05,SKU043,19,17.246804400217925
2025-11-06,SKU043,18,17.392135849832368
2025-11-07,SKU043,21,17.109388073082403
2025-11-08,SKU043,31,25.87572301816946
2025-11-09,SKU043,19,25.86209958469882
2025-11-10,SKU043,17,18.441050504304233
2025-11-11,SKU043,20,18.242394838597125
2025-11-12,SKU043,23,18.5955590756369
2025-11-13,SKU043,13,18.291890651027135
2025-11-14,SKU043,16,18.23463045662606
2025-11-15,SKU043,25,26.314524173132817
2025-11-16,SKU043,31,26.04127430882896
2025-11-17,SKU043,12,18.45183371861348
2025-11-18,SKU043,18,18.388780677474625
2025-11-19,SKU043,29,18.230509946190175
2025-11-20,SKU043,19,17.730163798768658
2025-11-21,SKU043,20,17.117658364317933
2025-11-22,SKU043,22,27.71945035699693
2025-11-23,SKU043,24,28.34800080075357
2025-11-24,SKU043,11,21.02669594430183
2025-11-25,SKU043,15,18.027975595777676
2025-11-26,SKU043,12,17.917236309025768
2025-11-27,SKU043,12,18.244716597683794
2025-11-28,SKU043,20,17.604496075501014
2025-11-29,SKU043,23,29.146114605549627
2025-11-30,SKU043,20,28.736040630900437
2025-12-01,SKU043,22,18.771401414402394
2025-12-02,SKU043,17,19.50598032094316
2025-12-03,SKU043,19,19.68174913486312
2025-12-04,SKU043,19,19.78076765323523
2025-12-05,SKU043,16,18.926756231720947
2025-12-06,SKU043,17,19.840769033884396
2025-12-07,SKU043,17,20.594136432826144
2025-12-08,SKU043,17,17.54076900117976
2025-12-09,SKU043,23,18.082772303776583
2025-12-10,SKU043,16,18.396096849487066
2025-12-11,SKU043,25,17.46549987445026
2025-12-12,SKU043,21,18.677378261701513
2025-12-13,SKU043,20,20.29357849267426
2025-12-14,SKU043,20,19.525397211980565
2025-12-15,SKU043,13,17.362867284258616
2025-12-16,SKU043,21,17.002068510901882
2025-12-17,SKU043,14,18.163941804551285
2025-12-18,SKU043,20,16.44391877050889
2025-12-19,SKU043,22,17.481856529771715
2025-12-20,SKU043,26,21.52639453303139
2025-12-21,SKU043,16,21.460134943490075
2025-12-22,SKU043,12,17.127585392017377
2025-12-23,SKU043,13,17.02467771613994
2025-12-24,SKU043,14,18.123151273300877
2025-12-25,SKU043,24,17.4564335434474
2025-12-26,SKU043,16,17.161693868986838
2025-12-27,SKU043,30,21.735797381853263
2025-12-28,SKU043,17,21.2904297432347
2025-12-29,SKU043,22,16.760325814490255
2025-12-30,SKU043,23,16.507291469941315
2025-12-31,SKU043,30,18.636072349596475
2025-08-13,SKU044,6,8.1377200130092
2025-08-14,SKU044,6,8.300726098633339
2025-08-15,SKU044,14,7.694919042700953
2025-08-16,SKU044,12,9.31822722142246
2025-08-17,SKU044,10,9.219171083127428
2025-08-18,SKU044,7,7.94542282815362
2025-08-19,SKU044,14,8.634743196632174
2025-08-20,SKU044,6,8.255991174112534
2025-08-21,SKU044,14,8.009334558566355
2025-08-22,SKU044,10,9.365329464109927
2025-08-23,SKU044,10,9.696478170462491
2025-08-24,SKU044,9,9.389995882468185
2025-08-25,SKU044,6,7.853907026405563
2025-08-26,SKU044,6,8.290619890918741
2025-08-27,SKU044,5,8.097749506014903
2025-08-28,SKU044,7,8.004781006618703
2025-08-29,SKU044,10,8.116592763692411
2025-08-30,SKU044,12,9.257405520959118
2025-08-31,SKU044,5,9.160878680152916
2025-09-01,SKU044,6,7.579670594330836
2025-09-02,SKU044,9,7.932414525423578
2025-09-03,SKU044,8,8.062429779989285
2025-09-04,SKU044,8,7.809645160492184
2025-09-05,SKU044,6,7.847594601330451
2025-09-06,SKU044,13,10.886499618027756
2025-09-07,SKU044,6,11.73511270242533
2025-09-08,SKU044,7,7.519832078050407
2025-09-09,SKU044,9,7.616365567581567
2025-09-10,SKU044,11,7.81412458337304
2025-09-11,SKU044,6,7.745323715003297
2025-09-12,SKU044,10,7.814044648936534
2025-09-13,SKU044,8,11.777501952126396
2025-09-14,SKU044,10,10.455337528314347
2025-09-15,SKU044,7,7.621838689932823
2025-09-16,SKU044,9,7.802066764668318
2025-09-17,SKU044,7,7.563796071788894
2025-09-18,SKU044,7,7.4730825022238365
2025-09-19,SKU044,6,7.597756690767124
2025-09-20,SKU044,4,9.696908169025967
2025-09-21,SKU044,7,9.252309932502222
2025-09-22,SKU044,7,7.075141978625814
2025-09-23,SKU044,9,7.161846614347478
2025-09-24,SKU044,4,7.088563278494019
2025-09-25,SKU044,8,7.032906401156843
2025-09-26,SKU044,10,7.182718404600447
2025-09-27,SKU044,16,9.254056213965264
2025-09-28,SKU044,12,10.345670034268933
2025-09-29,SKU044,5,7.632311772765583
2025-09-30,SKU044,4,7.584544174543029
2025-10-01,SKU044,4,7.228831089962667
2025-10-02,SKU044,6,7.376152376441426
2025-10-03,SKU044,9,7.399998120938285
2025-10-04,SKU044,13,9.033332134657378
2025-10-05,SKU044,9,8.778910969919748
2025-10-06,SKU044,10,7.148609722946609
2025-10-07,SKU044,6,7.613518274809913
2025-10-08,SKU044,8,7.223319805010114
2025-10-09,SKU044,5,7.307186830986492
2025-10-10,SKU044,8,7.341461757559035
2025-10-11,SKU044,6,7.0637289550174645
2025-10-12,SKU044,6,7.3314740127153195
2025-10-13,SKU044,8,7.5643207204229155
2025-10-14,SKU044,7,7.001913799898748
2025-10-15,SKU044,7,7.091328053485789
2025-10-16,SKU044,3,6.952960130935793
2025-10-17,SKU044,11,7.183521349914995
2025-10-18,SKU044,8,7.255382797265383
2025-10-19,SKU044,12,7.293857827334243
2025-10-20,SKU044,6,7.53665748735161
2025-10-21,SKU044,4,7.359200916634603
2025-10-22,SKU044,7,7.153688441515495
2025-10-23,SKU044,8,7.158096139655388
2025-10-24,SKU044,8,7.421664437539041
2025-10-25,SKU044,11,7.144449858160069
2025-10-26,SKU044,9,7.528269052040092
2025-10-27,SKU044,7,7.323648571658158
2025-10-28,SKU044,7,7.304709916790538
2025-10-29,SKU044,4,7.216278915292742
2025-10-30,SKU044,6,7.285643701717313
2025-10-31,SKU044,11,7.228461179195898
2025-11-01,SKU044,13,8.438125541951502
2025-11-02,SKU044,12,9.121999089532208
2025-11-03,SKU044,6,7.506164387225905
2025-11-04,SKU044,6,7.337187977485206
2025-11-05,SKU044,11,7.25215018037787
2025-11-06,SKU044,12,7.228261138522976
2025-11-07,SKU044,4,7.421839394234129
2025-11-08,SKU044,6,10.506759504319623
2025-11-09,SKU044,13,9.905077347592355
2025-11-10,SKU044,6,7.492597899768878
2025-11-11,SKU044,6,7.443333951607137
2025-11-12,SKU044,3,7.5336658766123605
2025-11-13,SKU044,9,7.286476317875643
2025-11-14,SKU044,7,7.6446880487388205
2025-11-15,SKU044,8,9.439715691830253
2025-11-16,SKU044,14,9.545236842610414
2025-11-17,SKU044,8,7.410798551481888
2025-11-18,SKU044,2,7.7580900702297155
2025-11-19,SKU044,4,6.9665251579909935
2025-11-20,SKU044,5,7.376608372230088
2025-11-21,SKU044,7,7.180309717570636
2025-11-22,SKU044,4,9.073453757923227
2025-11-23,SKU044,16,9.188180222699415
2025-11-24,SKU044,7,7.30311138583599
2025-11-25,SKU044,11,7.148668748904136
2025-11-26,SKU044,4,7.21799603795223
2025-11-27,SKU044,7,7.185771172779447
2025-11-28,SKU044,7,7.3241222123849035
2025-11-29,SKU044,14,9.394473101092819
2025-11-30,SKU044,7,10.909516567855324
2025-12-01,SKU044,5,7.918302246043205
2025-12-02,SKU044,8,7.769058437186456
2025-12-03,SKU044,14,7.404255527745322
2025-12-04,SKU044,7,7.544854057786906
2025-12-05,SKU044,7,7.688774588892771
2025-12-06,SKU044,7,6.991513918154982
2025-12-07,SKU044,4,7.728994567055185
2025-12-08,SKU044,4,7.826624763740914
2025-12-09,SKU044,10,7.621944626178868
2025-12-10,SKU044,7,7.039220351406758
2025-12-11,SKU044,9,7.414065487923126
2025-12-12,SKU044,5,7.569328249839388
2025-12-13,SKU044,10,7.601500414498161
2025-12-14,SKU044,12,7.303005847981939
2025-12-15,SKU044,9,7.941120196811831
2025-12-16,SKU044,11,7.669347969749589
2025-12-17,SKU044,10,7.441567217837257
2025-12-18,SKU044,6,8.204798275417918
2025-12-19,SKU044,7,8.365380412784592
2025-12-20,SKU044,10,8.914780166498668
2025-12-21,SKU044,8,7.872699157227268
2025-12-22,SKU044,6,7.748865192249815
2025-12-23,SKU044,8,8.278098393582455
2025-12-24,SKU044,8,7.686608836125156
2025-12-25,SKU044,10,8.172845246317884
2025-12-26,SKU044,10,8.740876784331352
2025-12-27,SKU044,8,8.426890580517272
2025-12-28,SKU044,11,9.383652760199487
2025-12-29,SKU044,9,7.981935226583168
2025-12-30,SKU044,5,7.764606781190452
2025-12-31,SKU044,5,8.171483908366097
2025-08-13,SKU045,19,20.52604516855963
2025-08-14,SKU045,22,20.093880706187157
2025-08-15,SKU045,15,19.8355197497126
2025-08-16,SKU045,32,23.595900278094597
2025-08-17,SKU045,23,24.745642100903705
2025-08-18,SKU045,30,20.213011794636202
2025-08-19,SKU045,30,20.4084431104969
2025-08-20,SKU045,19,20.72676196000258
2025-08-21,SKU045,11,20.234598065112248
2025-08-22,SKU045,24,21.578837894272954
2025-08-23,SKU045,25,22.606665607746713
2025-08-24,SKU045,20,24.942283033259905
2025-08-25,SKU045,13,19.704152179282243
2025-08-26,SKU045,25,19.731700085154092
2025-08-27,SKU045,20,19.79667038413983
2025-08-28,SKU045,19,20.81688357555418
2025-08-29,SKU045,19,19.299955837923687
2025-08-30,SKU045,27,22.052769099069273
2025-08-31,SKU045,15,23.85978808601343
2025-09-01,SKU045,18,20.508820540718478
2025-09-02,SKU045,21,19.914187988949514
2025-09-03,SKU045,25,20.185280866885485
2025-09-04,SKU045,20,19.507674518032456
2025-09-05,SKU045,12,19.783825614225506
2025-09-06,SKU045,29,27.127575385788333
2025-09-07,SKU045,38,27.38832089819443
2025-09-08,SKU045,17,20.06040407197475
2025-09-09,SKU045,23,19.869587138382666
2025-09-10,SKU045,16,19.712010982600315
2025-09-11,SKU045,25,19.371160186967003
2025-09-12,SKU045,16,20.45145629282699
2025-09-13,SKU045,38,27.529853426555043
2025-09-14,SKU045,36,30.40417379973235
2025-09-15,SKU045,15,20.594367820968436
2025-09-16,SKU045,20,20.201746122938218
2025-09-17,SKU045,20,20.09256533363957
2025-09-18,SKU045,17,19.91593731260451
2025-09-19,SKU045,14,19.6255399284808
2025-09-20,SKU045,34,29.799757997156004
2025-09-21,SKU045,27,29.98978544537557
2025-09-22,SKU045,13,20.46610744619961
2025-09-23,SKU045,14,19.62112106569526
2025-09-24,SKU045,27,19.7897629433807
2025-09-25,SKU045,25,19.55829084921761
2025-09-26,SKU045,29,21.82648233674417
2025-09-27,SKU045,28,28.955579526746025
2025-09-28,SKU045,26,28.86597946568582
2025-09-29,SKU045,15,20.700675478456304
2025-09-30,SKU045,21,20.77236908707403
2025-10-01,SKU045,22,20.429014782221742
2025-10-02,SKU045,28,19.98855562643118
2025-10-03,SKU045,18,21.06870390104635
2025-10-04,SKU045,9,23.40898463392409
2025-10-05,SKU045,29,23.710117817474305
2025-10-06,SKU045,16,19.854250577239945
2025-10-07,SKU045,12,19.477993491714333
2025-10-08,SKU045,14,19.424320483849314
2025-10-09,SKU045,19,17.329667797385433
2025-10-10,SKU045,25,18.160098577338484
2025-10-11,SKU045,21,22.206761958002676
2025-10-12,SKU045,16,23.51989581764569
2025-10-13,SKU045,20,18.43062748887914
2025-10-14,SKU045,14,19.01387612017878
2025-10-15,SKU045,20,18.342832681375487
2025-10-16,SKU045,16,18.340815825919915
2025-10-17,SKU045,14,18.45970314416595
2025-10-18,SKU045,15,23.298953174691068
2025-10-19,SKU045,21,18.957741221438535
2025-10-20,SKU045,21,17.664526172959526
2025-10-21,SKU045,26,18.056763257303935
2025-10-22,SKU045,22,17.665418577296872
2025-10-23,SKU045,20,17.859164205915025
2025-10-24,SKU045,19,17.93894991594841
2025-10-25,SKU045,18,18.594334389641617
2025-10-26,SKU045,17,18.022762708138668
2025-10-27,SKU045,20,17.78299518954057
2025-10-28,SKU045,19,17.58625620106455
2025-10-29,SKU045,20,17.662804605208972
2025-10-30,SKU045,12,17.360541647731996
2025-10-31,SKU045,19,16.785842868387945
2025-11-01,SKU045,22,20.960755059517005
2025-11-02,SKU045,31,24.19268616223767
2025-11-03,SKU045,11,17.941650346768768
2025-11-04,SKU045,19,17.037677238210453
2025-11-05,SKU045,22,17.964960527621056
2025-11-06,SKU045,18,18.089991221821556
2025-11-07,SKU045,23,18.30598847730026
2025-11-08,SKU045,33,24.77968038074368
2025-11-09,SKU045,28,25.64884696017524
2025-11-10,SKU045,24,18.509345741603116
2025-11-11,SKU045,15,18.064318906417043
2025-11-12,SKU045,18,18.194954826366892
2025-11-13,SKU045,19,17.723304045807975
2025-11-14,SKU045,25,17.607905442410516
2025-11-15,SKU045,22,30.025728910697683
2025-11-16,SKU045,27,27.100662118645847
2025-11-17,SKU045,15,20.503970377987145
2025-11-18,SKU045,22,20.624549043980274
2025-11-19,SKU045,15,18.797744454675918
2025-11-20,SKU045,17,18.423907235636182
2025-11-21,SKU045,29,17.594234254109747
2025-11-22,SKU045,33,26.00131365576278
2025-11-23,SKU045,24,27.586121858422526
2025-11-24,SKU045,18,20.66045927780507
2025-11-25,SKU045,26,20.346948972412818
2025-11-26,SKU045,15,20.12417525351154
2025-11-27,SKU045,17,19.55660937954699
2025-11-28,SKU045,24,19.7227477447506
2025-11-29,SKU045,30,31.03499354797874
2025-11-30,SKU045,34,28.153952211719087
2025-12-01,SKU045,18,21.531499282809882
2025-12-02,SKU045,23,20.81981129707851
2025-12-03,SKU045,26,20.862528393672815
2025-12-04,SKU045,24,21.39574797035419
2025-12-05,SKU045,19,20.61167830648414
2025-12-06,SKU045,27,23.621213664636503
2025-12-07,SKU045,29,23.297169337856104
2025-12-08,SKU045,20,20.765938386961892
2025-12-09,SKU045,26,20.44535365816197
2025-12-10,SKU045,20,21.280185099996856
2025-12-11,SKU045,16,20.26705648033789
2025-12-12,SKU045,17,20.494250803637865
2025-12-13,SKU045,26,24.1223959465555
2025-12-14,SKU045,27,23.941506982962995
2025-12-15,SKU045,20,20.58081558411703
2025-12-16,SKU045,19,20.966470730589677
2025-12-17,SKU045,13,20.150584237209998
2025-12-18,SKU045,10,20.367812493147184
2025-12-19,SKU045,18,20.110189832493578
2025-12-20,SKU045,21,24.70517124206709
2025-12-21,SKU045,22,23.47787436475059
2025-12-22,SKU045,22,18.715559391103827
2025-12-23,SKU045,15,18.333160806398073
2025-12-24,SKU045,15,20.17174181811894
2025-12-25,SKU045,28,20.048989285693374
2025-12-26,SKU045,24,20.1755802182132
2025-12-27,SKU045,23,23.345322136163915
2025-12-28,SKU045,30,23.466078119843782
2025-12-29,SKU045,19,21.613715253968625
2025-12-30,SKU045,20,21.035807294527462
2025-12-31,SKU045,20,21.305935742960752
2025-08-13,SKU046,11,9.081837386331292
2025-08-14,SKU046,7,8.816516506324911
2025-08-15,SKU046,10,9.230922615067492
2025-08-16,SKU046,7,10.610763827714997
2025-08-17,SKU046,8,10.017635561790154
2025-08-18,SKU046,4,8.412579255501717
2025-08-19,SKU046,9,8.489339018256404
2025-08-20,SKU046,5,8.32831660830372
2025-08-21,SKU046,9,8.190429947202631
2025-08-22,SKU046,8,8.167410667715624
2025-08-23,SKU046,7,8.869462820682653
2025-08-24,SKU046,12,8.674093234412508
2025-08-25,SKU046,4,7.899840584212723
2025-08-26,SKU046,3,7.950776706323619
2025-08-27,SKU046,11,7.113948614150375
2025-08-28,SKU046,8,7.447101104975649
2025-08-29,SKU046,11,7.217905089077575
2025-08-30,SKU046,10,8.619866901365524
2025-08-31,SKU046,11,8.351363066255198
2025-09-01,SKU046,6,8.445106935836247
2025-09-02,SKU046,6,8.542948318951165
2025-09-03,SKU046,6,7.191507521930166
2025-09-04,SKU046,7,7.319353266572326
2025-09-05,SKU046,6,7.430821887616352
2025-09-06,SKU046,11,9.116495981594701
2025-09-07,SKU046,11,9.81804670169019
2025-09-08,SKU046,6,7.360607700789104
2025-09-09,SKU046,7,7.259274265404668
2025-09-10,SKU046,6,7.350070760394476
2025-09-11,SKU046,4,7.197341684579437
2025-09-12,SKU046,11,7.154458516963405
2025-09-13,SKU046,13,9.188851599203845
2025-09-14,SKU046,9,10.714317132141716
2025-09-15,SKU046,10,7.480932374049169
2025-09-16,SKU046,4,7.39947235866863
2025-09-17,SKU046,7,7.331387827921864
2025-09-18,SKU046,9,7.144306279651862
2025-09-19,SKU046,3,7.3034227336552116
2025-09-20,SKU046,9,9.763814273062017
2025-09-21,SKU046,19,10.16092659836409
2025-09-22,SKU046,13,7.244353581012859
2025-09-23,SKU046,8,7.241511690813902
2025-09-24,SKU046,4,7.719207789379125
2025-09-25,SKU046,8,6.993285614657019
2025-09-26,SKU046,5,6.855146619395336
2025-09-27,SKU046,17,10.921736434086801
2025-09-28,SKU046,18,12.831339903701112
2025-09-29,SKU046,7,8.10728199194368
2025-09-30,SKU046,13,8.24999652536735
2025-10-01,SKU046,5,8.67137092148345
2025-10-02,SKU046,9,7.874966913200641
2025-10-03,SKU046,8,8.070371445703081
2025-10-04,SKU046,8,8.829791753149777
2025-10-05,SKU046,12,9.16409770666231
2025-10-06,SKU046,2,8.229269397490999
2025-10-07,SKU046,6,8.249139978905761
2025-10-08,SKU046,6,8.272259582270285
2025-10-09,SKU046,9,8.114843556547804
2025-10-10,SKU046,2,8.37983344213719
2025-10-11,SKU046,8,8.798035153862402
2025-10-12,SKU046,14,8.151156893051771
2025-10-13,SKU046,6,8.191597812535132
2025-10-14,SKU046,6,7.876585150737941
2025-10-15,SKU046,6,7.927181944808365
2025-10-16,SKU046,4,7.738577767243889
2025-10-17,SKU046,9,6.943937195235616
2025-10-18,SKU046,4,8.457737640605831
2025-10-19,SKU046,5,7.335909051093093
2025-10-20,SKU046,7,7.098508760174962
2025-10-21,SKU046,5,7.053116643099804
2025-10-22,SKU046,12,6.987105797173148
2025-10-23,SKU046,8,6.66425650561597
2025-10-24,SKU046,6,7.166961080934519
2025-10-25,SKU046,6,8.249145993178363
2025-10-26,SKU046,6,6.801185120155027
2025-10-27,SKU046,8,7.722282883547729
2025-10-28,SKU046,10,6.950652305198767
2025-10-29,SKU046,12,8.144342046176378
2025-10-30,SKU046,2,7.352012972533182
2025-10-31,SKU046,6,7.588689034956421
2025-11-01,SKU046,12,9.449285211245028
2025-11-02,SKU046,14,9.922866222750688
2025-11-03,SKU046,4,7.364449344844745
2025-11-04,SKU046,6,7.472808298352938
2025-11-05,SKU046,7,7.2962090690289845
2025-11-06,SKU046,13,7.437387916739783
2025-11-07,SKU046,2,7.277589076801512
2025-11-08,SKU046,8,10.326553668424232
2025-11-09,SKU046,9,11.019917101231156
2025-11-10,SKU046,6,7.198306172691909
2025-11-11,SKU046,7,7.324277869599733
2025-11-12,SKU046,5,7.301327588360038
2025-11-13,SKU046,10,6.99728208110687
2025-11-14,SKU046,9,6.904059612927987
2025-11-15,SKU046,13,9.767771869784523
2025-11-16,SKU046,6,10.15360656967812
2025-11-17,SKU046,13,7.4924337633548905
2025-11-18,SKU046,5,7.344482064087086
2025-11-19,SKU046,10,7.132372688655984
2025-11-20,SKU046,6,7.38098623549983
2025-11-21,SKU046,7,7.227469574518705
2025-11-22,SKU046,7,10.73170867035336
2025-11-23,SKU046,5,9.661178813084188
2025-11-24,SKU046,6,7.490551378403979
2025-11-25,SKU046,8,6.841390785667702
2025-11-26,SKU046,6,6.918149887184394
2025-11-27,SKU046,5,6.899816657169944
2025-11-28,SKU046,6,6.928575211899864
2025-11-29,SKU046,12,8.758776949981106
2025-11-30,SKU046,9,10.32015697744808
2025-12-01,SKU046,7,7.967220739981165
2025-12-02,SKU046,7,7.5357123085111075
2025-12-03,SKU046,6,7.478203225513077
2025-12-04,SKU046,8,7.427208066419273
2025-12-05,SKU046,6,8.052702882745002
2025-12-06,SKU046,8,7.400757414651893
2025-12-07,SKU046,14,7.729281509347512
2025-12-08,SKU046,7,7.877474313953615
2025-12-09,SKU046,10,7.524058583101836
2025-12-10,SKU046,9,7.6206957756896285
2025-12-11,SKU046,13,7.731886582481921
2025-12-12,SKU046,10,8.3140225227572
2025-12-13,SKU046,8,8.512369529374705
2025-12-14,SKU046,9,8.787022978443423
2025-12-15,SKU046,8,7.689781809104727
2025-12-16,SKU046,8,7.746052973611511
2025-12-17,SKU046,9,7.336551553715103
2025-12-18,SKU046,1,7.6504193361979596
2025-12-19,SKU046,11,7.72220524901352
2025-12-20,SKU046,12,8.889399227828456
2025-12-21,SKU046,8,9.266992792289335
2025-12-22,SKU046,9,7.818665315894063
2025-12-23,SKU046,12,7.697429526326489
2025-12-24,SKU046,5,7.820714929542388
2025-12-25,SKU046,5,9.111060859326454
2025-12-26,SKU046,9,8.389105581781282
2025-12-27,SKU046,9,8.245260966730944
2025-12-28,SKU046,9,8.049780696611528
2025-12-29,SKU046,9,7.705461225857871
2025-12-30,SKU046,3,7.736561206459033
2025-12-31,SKU046,5,7.287933466244462
2025-08-13,SKU047,16,14.625966052141928
2025-08-14,SKU047,11,14.603414793635839
2025-08-15,SKU047,15,14.729157231941857
2025-08-16,SKU047,12,16.939598870377075
2025-08-17,SKU047,18,17.129713255651005
2025-08-18,SKU047,7,14.782950821734616
2025-08-19,SKU047,14,14.081783490340474
2025-08-20,SKU047,11,13.587296339766919
2025-08-21,SKU047,15,13.820388189879607
2025-08-22,SKU047,5,13.62957125239293
2025-08-23,SKU047,16,13.444055667429364
2025-08-24,SKU047,18,14.671988023483905
2025-08-25,SKU047,12,12.504746004991855
2025-08-26,SKU047,10,12.292403347606022
2025-08-27,SKU047,14,11.36917400066565
2025-08-28,SKU047,18,11.995229888205328
2025-08-29,SKU047,9,12.870119812142786
2025-08-30,SKU047,14,13.610469888775361
2025-08-31,SKU047,15,13.812407640268866
2025-09-01,SKU047,16,12.214743938047548
2025-09-02,SKU047,15,11.91152404001753
2025-09-03,SKU047,14,11.973490935932302
2025-09-04,SKU047,15,12.0830094467903
2025-09-05,SKU047,13,12.606908119310553
2025-09-06,SKU047,17,20.420345970750887
2025-09-07,SKU047,13,19.780240539983907
2025-09-08,SKU047,14,11.998961120639688
2025-09-09,SKU047,6,12.133292778360017
2025-09-10,SKU047,9,12.149660448661093
2025-09-11,SKU047,19,11.559920656044678
2025-09-12,SKU047,11,12.006731285404303
2025-09-13,SKU047,10,16.352418179310856
2025-09-14,SKU047,9,16.488186709166083
2025-09-15,SKU047,9,11.732276160799938
2025-09-16,SKU047,8,12.031880805623627
2025-09-17,SKU047,18,11.800034263347598
2025-09-18,SKU047,12,11.490239586264344
2025-09-19,SKU047,12,11.693705003560979
2025-09-20,SKU047,17,16.922595118757208
2025-09-21,SKU047,11,17.452312217294097
2025-09-22,SKU047,15,11.377009973006565
2025-09-23,SKU047,15,12.496402053656434
2025-09-24,SKU047,16,11.977698974222548
2025-09-25,SKU047,11,12.407178736807088
2025-09-26,SKU047,9,12.487784649093465
2025-09-27,SKU047,17,16.060127521906683
2025-09-28,SKU047,11,16.836208417997938
2025-09-29,SKU047,12,12.128199240156004
2025-09-30,SKU047,10,11.490489127139547
2025-10-01,SKU047,14,11.398412689501228
2025-10-02,SKU047,9,11.40594062465404
2025-10-03,SKU047,13,11.805428543141065
2025-10-04,SKU047,8,12.622014380914955
2025-10-05,SKU047,11,13.109509878626495
2025-10-06,SKU047,12,11.457406757747062
2025-10-07,SKU047,14,11.453024801182714
2025-10-08,SKU047,13,11.657899792606047
2025-10-09,SKU047,13,11.65662497374131
2025-10-10,SKU047,7,11.743975870563384
2025-10-11,SKU047,6,12.922330208105366
2025-10-12,SKU047,16,13.350041169294881
2025-10-13,SKU047,12,11.396291173053271
2025-10-14,SKU047,10,11.571195507917105
2025-10-15,SKU047,11,11.709713938528825
2025-10-16,SKU047,11,11.767363631855307
2025-10-17,SKU047,5,11.316632451698048
2025-10-18,SKU047,13,12.397689248378107
2025-10-19,SKU047,14,12.91926870955974
2025-10-20,SKU047,10,10.469652134573394
2025-10-21,SKU047,13,10.383002498425459
2025-10-22,SKU047,8,10.125472287283655
2025-10-23,SKU047,10,9.960753487328812
2025-10-24,SKU047,9,9.85834519834269
2025-10-25,SKU047,16,12.638399094719587
2025-10-26,SKU047,9,12.667128622956128
2025-10-27,SKU047,21,9.926678840506952
2025-10-28,SKU047,8,10.519276390831358
2025-10-29,SKU047,9,10.263109128317224
2025-10-30,SKU047,16,10.16187755609198
2025-10-31,SKU047,14,10.34941691599189
2025-11-01,SKU047,17,15.447212874970345
2025-11-02,SKU047,16,16.28651624753678
2025-11-03,SKU047,13,11.47216139057972
2025-11-04,SKU047,12,10.997476430079267
2025-11-05,SKU047,16,11.196212027656431
2025-11-06,SKU047,10,10.78435503188664
2025-11-07,SKU047,10,11.828423676215323
2025-11-08,SKU047,17,16.190990943488476
2025-11-09,SKU047,24,16.477434717701744
2025-11-10,SKU047,10,11.87026145956394
2025-11-11,SKU047,19,11.737317412344053
2025-11-12,SKU047,9,11.964898789347316
2025-11-13,SKU047,11,11.959357304789794
2025-11-14,SKU047,7,12.174369383637263
2025-11-15,SKU047,25,15.926288556465279
2025-11-16,SKU047,20,20.108203374646372
2025-11-17,SKU047,9,12.650669541257882
2025-11-18,SKU047,13,11.892774922842898
2025-11-19,SKU047,8,12.324081366433209
2025-11-20,SKU047,12,12.097026538387984
2025-11-21,SKU047,12,12.619528237711513
2025-11-22,SKU047,21,15.241824643226682
2025-11-23,SKU047,6,18.112091359186206
2025-11-24,SKU047,14,11.850855529694075
2025-11-25,SKU047,10,11.447237489840418
2025-11-26,SKU047,8,11.852909642372529
2025-11-27,SKU047,12,12.029161545305948
2025-11-28,SKU047,13,12.117127505180923
2025-11-29,SKU047,10,16.62522540489734
2025-11-30,SKU047,23,18.83041544643195
2025-12-01,SKU047,11,11.849393270634584
2025-12-02,SKU047,11,11.969156501484477
2025-12-03,SKU047,12,11.900465149634302
2025-12-04,SKU047,20,12.481256788818007
2025-12-05,SKU047,15,12.169667771735979
2025-12-06,SKU047,19,14.085527243626895
2025-12-07,SKU047,20,15.135773284415988
2025-12-08,SKU047,13,13.206889525675521
2025-12-09,SKU047,12,13.844208463106249
2025-12-10,SKU047,14,13.321566433156926
2025-12-11,SKU047,8,13.12515480532957
2025-12-12,SKU047,15,12.288066521551018
2025-12-13,SKU047,14,14.628930831560215
2025-12-14,SKU047,10,14.657190772372495
2025-12-15,SKU047,18,11.923946045282912
2025-12-16,SKU047,16,12.421218424248513
2025-12-17,SKU047,10,12.074952229920846
2025-12-18,SKU047,12,13.40269264334472
2025-12-19,SKU047,12,12.866443380381389
2025-12-20,SKU047,14,13.174815638325345
2025-12-21,SKU047,18,13.319648596292343
2025-12-22,SKU047,9,12.600402827835481
2025-12-23,SKU047,12,12.874731253412357
2025-12-24,SKU047,15,12.23629143634083
2025-12-25,SKU047,9,13.37249808518319
2025-12-26,SKU047,16,13.210515303582122
2025-12-27,SKU047,15,13.428243295147958
2025-12-28,SKU047,12,14.718843209550705
2025-12-29,SKU047,20,12.090071060395582
2025-12-30,SKU047,15,13.224776241716732
2025-12-31,SKU047,6,13.333440961341516
2025-08-13,SKU048,2,6.699906335718748
2025-08-14,SKU048,6,7.267433717856424
2025-08-15,SKU048,6,7.404300959799087
2025-08-16,SKU048,5,6.249903581090666
2025-08-17,SKU048,11,6.422340944553266
2025-08-18,SKU048,8,6.098074520913595
2025-08-19,SKU048,9,6.449677486637389
2025-08-20,SKU048,6,6.629959258375059
2025-08-21,SKU048,3,6.4270439193285585
2025-08-22,SKU048,7,6.289178608687224
2025-08-23,SKU048,9,6.685464636097257
2025-08-24,SKU048,3,6.901283369521398
2025-08-25,SKU048,9,5.610860702830865
2025-08-26,SKU048,10,5.555976712580704
2025-08-27,SKU048,3,6.0116510350397485
2025-08-28,SKU048,10,5.983745627579827
2025-08-29,SKU048,7,5.835421833198524
2025-08-30,SKU048,10,7.370624434356708
2025-08-31,SKU048,11,7.322638972284543
2025-09-01,SKU048,3,6.431924127580001
2025-09-02,SKU048,8,7.0384054461758145
2025-09-03,SKU048,6,6.242076774443615
2025-09-04,SKU048,6,6.69245197469471
2025-09-05,SKU048,9,6.191734375790556
2025-09-06,SKU048,12,8.517251653055133
2025-09-07,SKU048,13,8.164556656859439
2025-09-08,SKU048,12,6.567398560515851
2025-09-09,SKU048,5,7.158532346406356
2025-09-10,SKU048,8,6.722707615697586
2025-09-11,SKU048,6,6.935822483581809
2025-09-12,SKU048,9,7.1059419762370295
2025-09-13,SKU048,8,11.07096272702683
2025-09-14,SKU048,10,10.455436763606412
2025-09-15,SKU048,7,7.368189981874172
2025-09-16,SKU048,6,7.081109265284814
2025-09-17,SKU048,5,7.171230927236166
2025-09-18,SKU048,12,7.121925935994238
2025-09-19,SKU048,11,7.151661494371312
2025-09-20,SKU048,3,10.572101741159187
2025-09-21,SKU048,10,10.376307826209665
2025-09-22,SKU048,8,6.895764871357983
2025-09-23,SKU048,5,6.87177285187756
2025-09-24,SKU048,11,7.149421240242401
2025-09-25,SKU048,5,6.996419347951777
2025-09-26,SKU048,2,7.576148865029754
2025-09-27,SKU048,9,10.589869834621975
2025-09-28,SKU048,10,10.308460362782323
2025-09-29,SKU048,4,7.1500045621312935
2025-09-30,SKU048,6,6.820578808087554
2025-10-01,SKU048,9,7.0978685336732905
2025-10-02,SKU048,5,6.9981903242388235
2025-10-03,SKU048,6,7.031442765424753
2025-10-04,SKU048,6,7.422900423065688
2025-10-05,SKU048,10,7.853228721899796
2025-10-06,SKU048,4,6.938440706686958
2025-10-07,SKU048,4,7.049879762553912
2025-10-08,SKU048,10,7.4212916083225915
2025-10-09,SKU048,11,6.830462877147682
2025-10-10,SKU048,7,7.203149433370548
2025-10-11,SKU048,7,7.5053319911784095
2025-10-12,SKU048,8,7.810891250519634
2025-10-13,SKU048,8,7.020346556939496
2025-10-14,SKU048,6,7.176334428313075
2025-10-15,SKU048,10,7.105696473749678
2025-10-16,SKU048,10,7.1217713914469245
2025-10-17,SKU048,5,7.154485269999093
2025-10-18,SKU048,10,7.744038147719111
2025-10-19,SKU048,10,7.769135455293136
2025-10-20,SKU048,7,7.09017307857064
2025-10-21,SKU048,6,6.917068462837737
2025-10-22,SKU048,3,7.00661387283962
2025-10-23,SKU048,2,6.956171425390028
2025-10-24,SKU048,2,6.529119197490192
2025-10-25,SKU048,5,7.705167172677717
2025-10-26,SKU048,6,6.954516130926152
2025-10-27,SKU048,5,7.025049016418535
2025-10-28,SKU048,6,7.080013017685533
2025-10-29,SKU048,5,6.82083208156813
2025-10-30,SKU048,10,6.137632727607334
2025-10-31,SKU048,7,6.414576065436346
2025-11-01,SKU048,9,7.3520433925069115
2025-11-02,SKU048,19,9.545465519828443
2025-11-03,SKU048,10,7.041675922797149
2025-11-04,SKU048,10,7.210115451018925
2025-11-05,SKU048,12,7.353494416994757
2025-11-06,SKU048,7,7.7367300732189985
2025-11-07,SKU048,5,7.326392903772171
2025-11-08,SKU048,12,13.02730463308584
2025-11-09,SKU048,7,12.950923611111113
2025-11-10,SKU048,6,7.060573563419951
2025-11-11,SKU048,7,7.3628025586355355
2025-11-12,SKU048,7,7.188773800706007
2025-11-13,SKU048,7,7.298460484672545
2025-11-14,SKU048,2,7.359433719760435
2025-11-15,SKU048,9,9.769227350784215
2025-11-16,SKU048,9,8.737109827193546
2025-11-17,SKU048,7,7.055757619883176
2025-11-18,SKU048,12,7.012429672148048
2025-11-19,SKU048,5,7.202633660583298
2025-11-20,SKU048,8,7.298460484672545
2025-11-21,SKU048,8,7.384779413062855
2025-11-22,SKU048,11,9.841806268729444
2025-11-23,SKU048,12,10.121410645347616
2025-11-24,SKU048,6,6.700200487698192
2025-11-25,SKU048,2,6.918875984269494
2025-11-26,SKU048,2,6.899234981811079
2025-11-27,SKU048,2,6.789692252760027
2025-11-28,SKU048,5,7.321373002850518
2025-11-29,SKU048,9,9.309987115482981
2025-11-30,SKU048,10,9.004352247748837
2025-12-01,SKU048,7,8.164771203459166
2025-12-02,SKU048,15,7.8794939969219175
2025-12-03,SKU048,6,7.831261785873832
2025-12-04,SKU048,4,7.711243223353002
2025-12-05,SKU048,11,7.573691733321976
2025-12-06,SKU048,6,7.71672258337255
2025-12-07,SKU048,8,8.39673416799153
2025-12-08,SKU048,7,7.471892330714146
2025-12-09,SKU048,9,6.946019425130886
2025-12-10,SKU048,10,7.426207198201403
2025-12-11,SKU048,9,7.557829753968718
2025-12-12,SKU048,3,7.776017930416506
2025-12-13,SKU048,12,7.704290480839234
2025-12-14,SKU048,5,7.647733507411773
2025-12-15,SKU048,11,7.907360420280795
2025-12-16,SKU048,7,7.424542706847344
2025-12-17,SKU048,6,7.447313308692451
2025-12-18,SKU048,7,7.690358384593074
2025-12-19,SKU048,7,7.768511960466131
2025-12-20,SKU048,9,7.5145376875275405
2025-12-21,SKU048,11,7.784898984107648
2025-12-22,SKU048,6,7.7251835394120185
2025-12-23,SKU048,5,7.414406304834769
2025-12-24,SKU048,10,7.510844960352825
2025-12-25,SKU048,4,7.3639577948027615
2025-12-26,SKU048,5,7.484644681585629
2025-12-27,SKU048,6,7.578149214104201
2025-12-28,SKU048,4,7.232395557927617
2025-12-29,SKU048,7,7.631537233024369
2025-12-30,SKU048,7,6.996837268918582
2025-12-31,SKU048,7,7.289964782436512
2025-08-13,SKU049,17,20.213284387112115
2025-08-14,SKU049,39,19.251131519925114
2025-08-15,SKU049,20,20.71759613411255
2025-08-16,SKU049,23,23.55064218874243
2025-08-17,SKU049,26,24.434858844536517
2025-08-18,SKU049,18,20.52625225713627
2025-08-19,SKU049,18,20.56138205874523
2025-08-20,SKU049,15,20.500527046122325
2025-08-21,SKU049,27,20.416487807812143
2025-08-22,SKU049,19,19.912619010485137
2025-08-23,SKU049,27,24.320700515359682
2025-08-24,SKU049,21,22.87886457603338
2025-08-25,SKU049,17,19.079195253044666
2025-08-26,SKU049,17,19.508040561850144
2025-08-27,SKU049,21,20.087893425790174
2025-08-28,SKU049,28,19.192826258881933
2025-08-29,SKU049,26,21.47227872793891
2025-08-30,SKU049,30,22.944349687109387
2025-08-31,SKU049,20,23.564126613349252
2025-09-01,SKU049,22,20.149706747839428
2025-09-02,SKU049,13,20.461502786296634
2025-09-03,SKU049,19,19.589615374287575
2025-09-04,SKU049,26,19.46968093011867
2025-09-05,SKU049,14,19.534225662967984
2025-09-06,SKU049,30,28.08408083031431
2025-09-07,SKU049,28,26.03077371737577
2025-09-08,SKU049,21,20.029051102895156
2025-09-09,SKU049,22,20.220596718975557
2025-09-10,SKU049,17,20.523527791343454
2025-09-11,SKU049,22,20.635342893992146
2025-09-12,SKU049,18,19.414786746703165
2025-09-13,SKU049,31,27.331611306435164
2025-09-14,SKU049,36,27.93261204058517
2025-09-15,SKU049,21,20.65439913730001
2025-09-16,SKU049,19,20.3712593391615
2025-09-17,SKU049,17,20.307981984598605
2025-09-18,SKU049,21,19.973204280186675
2025-09-19,SKU049,25,21.373790374979166
2025-09-20,SKU049,24,29.359435202620386
2025-09-21,SKU049,31,29.447130248240086
2025-09-22,SKU049,23,20.079141524317823
2025-09-23,SKU049,24,20.18886326107131
2025-09-24,SKU049,16,20.521302765513852
2025-09-25,SKU049,19,20.063420987124147
2025-09-26,SKU049,27,20.161799962384194
2025-09-27,SKU049,32,30.06849268451611
2025-09-28,SKU049,27,30.934757133590566
2025-09-29,SKU049,24,19.936936293963882
2025-09-30,SKU049,16,20.19039264120483
2025-10-01,SKU049,21,20.442536849202494
2025-10-02,SKU049,18,20.16504018864785
2025-10-03,SKU049,17,20.531388402580486
2025-10-04,SKU049,26,22.932657798616994
2025-10-05,SKU049,20,22.80569271804097
2025-10-06,SKU049,17,19.488782742104675
2025-10-07,SKU049,19,19.856750648950594
2025-10-08,SKU049,16,19.814248728756287
2025-10-09,SKU049,22,19.17689789065153
2025-10-10,SKU049,20,20.601989193611477
2025-10-11,SKU049,14,22.606981973435165
2025-10-12,SKU049,29,22.269936117660528
2025-10-13,SKU049,26,20.368862232671773
2025-10-14,SKU049,24,19.90102079818009
2025-10-15,SKU049,19,19.70568453374814
2025-10-16,SKU049,27,19.296789424583913
2025-10-17,SKU049,12,21.34251649413601
2025-10-18,SKU049,23,22.23865049455238
2025-10-19,SKU049,21,21.867059539471203
2025-10-20,SKU049,16,20.18134150334727
2025-10-21,SKU049,17,20.284127844397403
2025-10-22,SKU049,16,19.853263566242642
2025-10-23,SKU049,19,19.83828173241168
2025-10-24,SKU049,16,20.78963674421779
2025-10-25,SKU049,21,25.371883538900764
2025-10-26,SKU049,33,23.74877274227283
2025-10-27,SKU049,20,17.327348936038096
2025-10-28,SKU049,15,17.484704729948486
2025-10-29,SKU049,19,17.55602492638353
2025-10-30,SKU049,16,17.613285884103103
2025-10-31,SKU049,23,17.77145517141227
2025-11-01,SKU049,24,27.2947217778939
2025-11-02,SKU049,33,28.691030622808707
2025-11-03,SKU049,22,18.89215196568061
2025-11-04,SKU049,22,19.562451910710273
2025-11-05,SKU049,17,20.027172557406274
2025-11-06,SKU049,14,20.2094881090556
2025-11-07,SKU049,19,18.40987151973349
2025-11-08,SKU049,22,26.04733591302686
2025-11-09,SKU049,36,28.944256548314993
2025-11-10,SKU049,19,20.641776098500156
2025-11-11,SKU049,21,20.06465745720668
2025-11-12,SKU049,25,19.287379541917357
2025-11-13,SKU049,21,20.1148878992245
2025-11-14,SKU049,20,18.908097340821286
2025-11-15,SKU049,30,26.682095034600717
2025-11-16,SKU049,24,28.899120723701277
2025-11-17,SKU049,22,20.480726216510174
2025-11-18,SKU049,19,20.027935802142586
2025-11-19,SKU049,9,20.00666168498794
2025-11-20,SKU049,20,19.49036013709785
2025-11-21,SKU049,22,19.46622311229281
2025-11-22,SKU049,23,25.932800191039686
2025-11-23,SKU049,24,26.154492519182316
2025-11-24,SKU049,17,20.305041779744887
2025-11-25,SKU049,18,19.911536448660545
2025-11-26,SKU049,22,21.471953584617932
2025-11-27,SKU049,18,19.45292969669572
2025-11-28,SKU049,21,19.48565850690406
2025-11-29,SKU049,22,26.995431759101884
2025-11-30,SKU049,41,26.949393575663915
2025-12-01,SKU049,32,21.305281650954324
2025-12-02,SKU049,24,24.66771139624078
2025-12-03,SKU049,15,22.085890606330878
2025-12-04,SKU049,25,23.350204004928866
2025-12-05,SKU049,20,21.16234780050111
2025-12-06,SKU049,29,27.74761817425563
2025-12-07,SKU049,22,23.898684864628944
2025-12-08,SKU049,27,21.74474186571298
2025-12-09,SKU049,24,20.257743906165583
2025-12-10,SKU049,20,20.927458178353636
2025-12-11,SKU049,26,20.344538174524867
2025-12-12,SKU049,25,20.89185181594797
2025-12-13,SKU049,23,24.03475265847879
2025-12-14,SKU049,26,24.354416459747966
2025-12-15,SKU049,16,20.85581120130882
2025-12-16,SKU049,19,20.276258257289413
2025-12-17,SKU049,21,20.254498222651716
2025-12-18,SKU049,28,20.62712872168476
2025-12-19,SKU049,16,20.75789356225325
2025-12-20,SKU049,25,24.201120804162734
2025-12-21,SKU049,22,23.29000636177742
2025-12-22,SKU049,21,20.70824022372978
2025-12-23,SKU049,15,21.202870674261035
2025-12-24,SKU049,27,20.807925969158287
2025-12-25,SKU049,24,20.68053656028915
2025-12-26,SKU049,27,21.60472052788699
2025-12-27,SKU049,32,24.321674085615783
2025-12-28,SKU049,20,24.321978698058583
2025-12-29,SKU049,15,20.643613212766653
2025-12-30,SKU049,16,20.85932783805562
2025-12-31,SKU049,16,20.891576958163164
2025-08-13,SKU050,7,4.964445992656566
2025-08-14,SKU050,8,4.985210287056898
2025-08-15,SKU050,4,5.6246332413482465
2025-08-16,SKU050,5,5.969858928394988
2025-08-17,SKU050,7,6.132343228592239
2025-08-18,SKU050,3,5.1352035081292176
2025-08-19,SKU050,7,4.956949971235962
2025-08-20,SKU050,6,4.938903111145238
2025-08-21,SKU050,3,5.559018047557524
2025-08-22,SKU050,3,5.250251584932853
2025-08-23,SKU050,5,5.288170109291439
2025-08-24,SKU050,8,4.9891178655807185
2025-08-25,SKU050,7,5.105730870552255
2025-08-26,SKU050,5,4.688042506809453
2025-08-27,SKU050,3,5.0574387435845445
2025-08-28,SKU050,5,5.283826234731846
2025-08-29,SKU050,4,5.1693999355170295
2025-08-30,SKU050,4,5.283027971496735
2025-08-31,SKU050,6,5.406594802360047
2025-09-01,SKU050,2,4.791019989581565
2025-09-02,SKU050,4,5.2112830477241125
2025-09-03,SKU050,4,5.000419840424536
2025-09-04,SKU050,2,5.184770664953909
2025-09-05,SKU050,2,4.558333013323861
2025-09-06,SKU050,9,6.173955712939528
2025-09-07,SKU050,6,4.911407150182928
2025-09-08,SKU050,3,4.952838940796614
2025-09-09,SKU050,4,5.21314475730971
2025-09-10,SKU050,5,5.078200534524129
2025-09-11,SKU050,6,5.254191348653405
2025-09-12,SKU050,4,4.969060441084275
2025-09-13,SKU050,6,6.6053688042074645
2025-09-14,SKU050,5,6.176043896402416
2025-09-15,SKU050,6,5.244896787064212
2025-09-16,SKU050,4,4.984722539896229
2025-09-17,SKU050,1,4.792127724645747
2025-09-18,SKU050,4,5.080038557698475
2025-09-19,SKU050,2,5.339455424570124
2025-09-20,SKU050,2,5.556576329194636
2025-09-21,SKU050,11,6.232127680542793
2025-09-22,SKU050,3,5.250128977823834
2025-09-23,SKU050,6,5.452717609069506
2025-09-24,SKU050,3,5.375131051843511
2025-09-25,SKU050,2,5.108391077997441
2025-09-26,SKU050,5,6.066998804566927
2025-09-27,SKU050,10,6.431841696500463
2025-09-28,SKU050,9,5.715706021380424
2025-09-29,SKU050,1,5.2047724233509
2025-09-30,SKU050,5,4.941392414627014
2025-10-01,SKU050,3,5.3915994364273345
2025-10-02,SKU050,6,5.286243878192132
2025-10-03,SKU050,5,4.554057629895371
2025-10-04,SKU050,8,4.417390059563578
2025-10-05,SKU050,7,4.939821250125035
2025-10-06,SKU050,3,5.249025814571321
2025-10-07,SKU050,8,4.830310338796444
2025-10-08,SKU050,3,4.614556883325553
2025-10-09,SKU050,6,4.4459527120229865
2025-10-10,SKU050,5,4.636294239534259
2025-10-11,SKU050,8,4.331361863149054
2025-10-12,SKU050,6,4.642278267106131
2025-10-13,SKU050,2,4.871389946373082
2025-10-14,SKU050,1,4.306879274009101
2025-10-15,SKU050,2,5.311848302299841
2025-10-16,SKU050,8,4.948810838659051
2025-10-17,SKU050,5,5.372112871097543
2025-10-18,SKU050,9,5.811515856605124
2025-10-19,SKU050,4,5.239738284905574
2025-10-20,SKU050,5,5.358031402859791
2025-10-21,SKU050,6,5.272334590188774
2025-10-22,SKU050,4,5.042216583794946
2025-10-23,SKU050,5,4.638154100079248
2025-10-24,SKU050,4,5.206335947959355
2025-10-25,SKU050,6,5.244146456453991
2025-10-26,SKU050,1,5.839540746708596
2025-10-27,SKU050,2,5.216646691226047
2025-10-28,SKU050,6,4.892750943076553
2025-10-29,SKU050,2,5.115976444453558
2025-10-30,SKU050,7,4.876123472356048
2025-10-31,SKU050,4,5.209978664748365
2025-11-01,SKU050,3,5.5230171142741735
2025-11-02,SKU050,8,6.660033891904294
2025-11-03,SKU050,4,5.697571244094764
2025-11-04,SKU050,6,5.070501080416067
2025-11-05,SKU050,5,5.353181131130726
2025-11-06,SKU050,9,4.4817606344494685
2025-11-07,SKU050,5,4.803073445318813
2025-11-08,SKU050,4,6.643079750646036
2025-11-09,SKU050,13,6.618421268618437
2025-11-10,SKU050,9,5.113393999128859
2025-11-11,SKU050,3,5.352355934725187
2025-11-12,SKU050,5,5.104118865741313
2025-11-13,SKU050,5,5.325413503171159
2025-11-14,SKU050,4,5.944699304386847
2025-11-15,SKU050,8,6.4942613599716426
2025-11-16,SKU050,6,8.306593623981122
2025-11-17,SKU050,8,5.034301380806357
2025-11-18,SKU050,4,5.147099691039025
2025-11-19,SKU050,7,5.035570948819184
2025-11-20,SKU050,2,5.184957236502848
2025-11-21,SKU050,4,5.5298182969843594
2025-11-22,SKU050,11,7.679434786025264
2025-11-23,SKU050,5,6.605709994580915
2025-11-24,SKU050,3,5.986356861290476
2025-11-25,SKU050,2,5.609565338264797
2025-11-26,SKU050,5,5.213705303615592
2025-11-27,SKU050,5,5.107748065602956
2025-11-28,SKU050,4,5.481634038352044
2025-11-29,SKU050,6,5.510395824862383
2025-11-30,SKU050,5,7.4076307678094375
2025-12-01,SKU050,5,5.589541297443666
2025-12-02,SKU050,6,5.559860404032777
2025-12-03,SKU050,8,5.984796530598825
2025-12-04,SKU050,6,5.540313773372308
2025-12-05,SKU050,3,6.314203491124976
2025-12-06,SKU050,6,7.01448148095721
2025-12-07,SKU050,6,6.995828210310848
2025-12-08,SKU050,9,5.406529835120353
2025-12-09,SKU050,5,5.396271863596524
2025-12-10,SKU050,3,4.75600079968654
2025-12-11,SKU050,1,5.592313544591673
2025-12-12,SKU050,7,5.910211058461411
2025-12-13,SKU050,3,6.870190442746892
2025-12-14,SKU050,6,6.55651519475504
2025-12-15,SKU050,4,5.559882340982659
2025-12-16,SKU050,4,5.737427786684509
2025-12-17,SKU050,1,5.667895025757321
2025-12-18,SKU050,3,6.1432072227998775
2025-12-19,SKU050,5,5.114722661475094
2025-12-20,SKU050,9,5.713246972155627
2025-12-21,SKU050,8,5.76878210541217
2025-12-22,SKU050,5,5.959059011782026
2025-12-23,SKU050,7,5.771456597844596
2025-12-24,SKU050,4,5.921789234730458
2025-12-25,SKU050,8,5.3146646844486405
2025-12-26,SKU050,7,6.6359109839932096
2025-12-27,SKU050,7,7.478049745032157
2025-12-28,SKU050,11,7.407251607984242
2025-12-29,SKU050,10,5.699614326855599
2025-12-30,SKU050,8,6.1633434820158195
2025-12-31,SKU050,9,7.101644366830879
